,index,Date/Time,Lat,Lon,Base,id_busStop,id_TrainStation
0,0,2014-08-01 00:03:00,40.7366,-73.9906,B02512,152_bus_M15-SBS:1,38_subway_N:0
1,3,2014-08-01 00:12:00,40.7387,-73.9856,B02512,152_bus_M15-SBS:1,177_subway_N:4
2,9,2014-08-01 00:20:00,40.7448,-73.9799,B02512,122_bus_M15:0,43_train_Harlem:0
3,10,2014-08-01 00:21:00,40.7399,-74.0057,B02512,127_bus_M11:1,28_subway_A:0
4,11,2014-08-01 00:25:00,40.7651,-73.9683,B02512,86_bus_Q32:0,112_train_Port_Washington:0
5,12,2014-08-01 00:27:00,40.7354,-74.0081,B02512,127_bus_M11:1,193_subway_E:5
6,17,2014-08-01 00:30:00,40.7433,-73.986,B02512,86_bus_Q32:0,34_subway_E:0
7,18,2014-08-01 00:34:00,40.7437,-73.9884,B02512,126_bus_M5:1,181_subway_6:3
8,19,2014-08-01 00:36:00,40.7406,-74.0077,B02512,117_bus_M14A_SBS:1,34_subway_E:0
9,20,2014-08-01 00:48:00,40.7421,-74.0002,B02512,117_bus_M14A_SBS:1,181_subway_6:3
10,21,2014-08-01 00:52:00,40.7394,-74.0069,B02512,127_bus_M11:1,198_subway_4:4
11,25,2014-08-01 00:55:00,40.7562,-73.9714,B02512,96_bus_M50:0,165_subway_6:1
12,26,2014-08-01 00:58:00,40.7601,-73.9839,B02512,114_bus_M50:1,174_subway_R:1
13,27,2014-08-01 01:01:00,40.7585,-73.9732,B02512,86_bus_Q32:0,22_subway_5:0
14,31,2014-08-01 01:19:00,40.7399,-74.0024,B02512,117_bus_M14A_SBS:1,21_subway_F:1
15,35,2014-08-01 01:33:00,40.7405,-73.989,B02512,126_bus_M5:1,181_subway_6:3
16,36,2014-08-01 01:41:00,40.7639,-73.9743,B02512,86_bus_Q32:0,148_subway_HOB–33:1
17,37,2014-08-01 01:43:00,40.7416,-74.0039,B02512,117_bus_M14A_SBS:1,185_subway_A:4
18,43,2014-08-01 02:11:00,40.7616,-73.9843,B02512,96_bus_M50:0,134_subway_D:4
19,44,2014-08-01 02:25:00,40.7555,-73.9838,B02512,89_bus_M42:0,173_subway_R:0
20,46,2014-08-01 02:48:00,40.7547,-73.9686,B02512,122_bus_M15:0,184_subway_A:3
21,47,2014-08-01 02:53:00,40.7581,-73.9996,B02512,116_bus_M42:1,180_subway_6:2
22,50,2014-08-01 03:03:00,40.7563,-73.9923,B02512,89_bus_M42:0,164_subway_6:0
23,51,2014-08-01 03:05:00,40.7372,-74.0022,B02512,127_bus_M11:1,136_subway_C:0
24,52,2014-08-01 03:14:00,40.7672,-73.9668,B02512,97_bus_M66:0,164_subway_6:0
25,54,2014-08-01 03:28:00,40.7436,-73.9943,B02512,0_bus_2602:0,135_subway_F:2
26,55,2014-08-01 03:28:00,40.7418,-74.0054,B02512,117_bus_M14A_SBS:1,52_train_2164:0
27,57,2014-08-01 03:36:00,40.7511,-73.9823,B02512,86_bus_Q32:0,198_subway_4:4
28,59,2014-08-01 03:43:00,40.7589,-73.9941,B02512,116_bus_M42:1,180_subway_6:2
29,64,2014-08-01 04:06:00,40.7643,-73.9958,B02512,114_bus_M50:1,169_subway_N:3
30,67,2014-08-01 04:16:00,40.7621,-73.9719,B02512,86_bus_Q32:0,24_subway_5:2
31,69,2014-08-01 04:21:00,40.7564,-73.9682,B02512,96_bus_M50:0,165_subway_6:1
32,72,2014-08-01 04:30:00,40.7577,-73.9746,B02512,96_bus_M50:0,108_train_Morristown:0
33,78,2014-08-01 05:10:00,40.7422,-73.9918,B02512,126_bus_M5:1,173_subway_R:0
34,88,2014-08-01 05:38:00,40.7408,-73.9896,B02512,126_bus_M5:1,23_subway_5:1
35,89,2014-08-01 05:38:00,40.7408,-73.9896,B02512,126_bus_M5:1,196_subway_B:2
36,90,2014-08-01 05:42:00,40.7371,-74.0019,B02512,127_bus_M11:1,154_subway_1:1
37,92,2014-08-01 05:50:00,40.767,-73.971,B02512,86_bus_Q32:0,130_subway_1:0
38,94,2014-08-01 05:52:00,40.7515,-74.0033,B02512,90_bus_M23_SBS:0,190_subway_F:3
39,95,2014-08-01 05:52:00,40.7677,-73.9928,B02512,96_bus_M50:0,154_subway_1:1
40,96,2014-08-01 05:55:00,40.7442,-73.9744,B02512,151_bus_M15-SBS:0,157_subway_3:1
41,97,2014-08-01 05:58:00,40.7424,-73.9974,B02512,0_bus_2602:0,20_subway_F:0
42,100,2014-08-01 06:04:00,40.7566,-73.9654,B02512,122_bus_M15:0,41_subway_Q:0
43,102,2014-08-01 06:08:00,40.7442,-74.0077,B02512,142_bus_M12:1,35_subway_E:1
44,105,2014-08-01 06:10:00,40.7404,-74.0037,B02512,117_bus_M14A_SBS:1,172_subway_M:1
45,109,2014-08-01 06:14:00,40.7561,-73.9703,B02512,96_bus_M50:0,35_subway_E:1
46,111,2014-08-01 06:15:00,40.7447,-73.9891,B02512,126_bus_M5:1,173_subway_R:0
47,116,2014-08-01 06:29:00,40.7448,-73.9947,B02512,0_bus_2602:0,137_subway_E:4
48,122,2014-08-01 06:35:00,40.7649,-73.9833,B02512,121_bus_M104:0,24_subway_5:2
49,129,2014-08-01 06:43:00,40.7434,-73.9744,B02512,151_bus_M15-SBS:0,179_subway_L:1
50,133,2014-08-01 06:46:00,40.763,-73.976,B02512,92_bus_M5:0,155_subway_2:2
51,137,2014-08-01 06:51:00,40.758,-73.9849,B02512,89_bus_M42:0,197_subway_B:3
52,141,2014-08-01 06:55:00,40.7451,-73.9886,B02512,126_bus_M5:1,175_subway_Q:2
53,143,2014-08-01 06:57:00,40.7441,-73.9714,B02512,153_bus_M15:1,134_subway_D:4
54,149,2014-08-01 07:03:00,40.7425,-73.9777,B02512,122_bus_M15:0,172_subway_M:1
55,153,2014-08-01 07:06:00,40.7399,-73.9865,B02512,152_bus_M15-SBS:1,18_subway_S:0
56,158,2014-08-01 07:15:00,40.7495,-73.9908,B02512,119_bus_M34_SBS:1,22_subway_5:0
57,160,2014-08-01 07:17:00,40.7622,-73.9793,B02512,128_bus_M7:1,172_subway_M:1
58,162,2014-08-01 07:22:00,40.7368,-73.9857,B02512,152_bus_M15-SBS:1,165_subway_6:1
59,164,2014-08-01 07:25:00,40.7394,-73.9943,B02512,126_bus_M5:1,35_subway_E:1
60,166,2014-08-01 07:30:00,40.7377,-73.9796,B02512,122_bus_M15:0,165_subway_6:1
61,167,2014-08-01 07:30:00,40.7587,-73.982,B02512,114_bus_M50:1,41_subway_Q:0
62,168,2014-08-01 07:35:00,40.7387,-74.0083,B02512,127_bus_M11:1,137_subway_E:4
63,170,2014-08-01 07:38:00,40.7651,-73.9752,B02512,92_bus_M5:0,199_subway_4:5
64,172,2014-08-01 07:39:00,40.7398,-73.9854,B02512,152_bus_M15-SBS:1,191_subway_C:1
65,175,2014-08-01 07:40:00,40.7409,-73.9876,B02512,86_bus_Q32:0,160_subway_5:6
66,182,2014-08-01 07:46:00,40.7409,-73.9979,B02512,117_bus_M14A_SBS:1,171_subway_W:1
67,184,2014-08-01 07:50:00,40.7671,-73.9794,B02512,121_bus_M104:0,130_subway_1:0
68,186,2014-08-01 07:58:00,40.7445,-73.9944,B02512,0_bus_2602:0,28_subway_A:0
69,192,2014-08-01 08:05:00,40.7618,-73.9771,B02512,96_bus_M50:0,177_subway_N:4
70,197,2014-08-01 08:10:00,40.7412,-74.005,B02512,117_bus_M14A_SBS:1,30_subway_D:0
71,201,2014-08-01 08:13:00,40.7602,-73.9836,B02512,114_bus_M50:1,131_subway_L:0
72,205,2014-08-01 08:19:00,40.7361,-74.0044,B02512,127_bus_M11:1,130_subway_1:0
73,208,2014-08-01 08:21:00,40.757,-73.9826,B02512,114_bus_M50:1,174_subway_R:1
74,214,2014-08-01 08:24:00,40.7384,-73.9835,B02512,152_bus_M15-SBS:1,38_subway_N:0
75,218,2014-08-01 08:28:00,40.7627,-73.9711,B02512,86_bus_Q32:0,170_subway_A:2
76,223,2014-08-01 08:38:00,40.7387,-74.0095,B02512,127_bus_M11:1,193_subway_E:5
77,227,2014-08-01 08:42:00,40.7523,-73.9876,B02512,86_bus_Q32:0,40_subway_N:2
78,229,2014-08-01 08:45:00,40.7374,-73.9854,B02512,152_bus_M15-SBS:1,171_subway_W:1
79,234,2014-08-01 08:53:00,40.7634,-73.985,B02512,96_bus_M50:0,147_subway_2:1
80,236,2014-08-01 08:54:00,40.7349,-73.9887,B02512,152_bus_M15-SBS:1,165_subway_6:1
81,237,2014-08-01 08:54:00,40.7401,-73.9968,B02512,117_bus_M14A_SBS:1,73_train_166:0
82,241,2014-08-01 08:59:00,40.7578,-73.9892,B02512,89_bus_M42:0,155_subway_2:2
83,242,2014-08-01 09:01:00,40.7586,-73.9671,B02512,122_bus_M15:0,174_subway_R:1
84,243,2014-08-01 09:01:00,40.7529,-73.9836,B02512,89_bus_M42:0,154_subway_1:1
85,246,2014-08-01 09:08:00,40.7472,-73.9898,B02512,126_bus_M5:1,199_subway_4:5
86,247,2014-08-01 09:09:00,40.7411,-74.0013,B02512,117_bus_M14A_SBS:1,176_subway_Q:3
87,249,2014-08-01 09:15:00,40.7451,-73.9941,B02512,0_bus_2602:0,141_subway_4:2
88,250,2014-08-01 09:17:00,40.7458,-73.9945,B02512,0_bus_2602:0,33_subway_D:3
89,251,2014-08-01 09:17:00,40.7536,-73.9752,B02512,89_bus_M42:0,34_subway_E:0
90,256,2014-08-01 09:21:00,40.7499,-73.9814,B02512,86_bus_Q32:0,165_subway_6:1
91,257,2014-08-01 09:22:00,40.7394,-73.9938,B02512,126_bus_M5:1,27_subway_4:1
92,258,2014-08-01 09:23:00,40.7386,-73.9996,B02512,117_bus_M14A_SBS:1,34_subway_E:0
93,259,2014-08-01 09:23:00,40.7499,-73.9721,B02512,116_bus_M42:1,38_subway_N:0
94,262,2014-08-01 09:27:00,40.756,-73.9869,B02512,89_bus_M42:0,17_subway_JSQ–33_via_HOB:1
95,269,2014-08-01 09:39:00,40.7669,-73.9695,B02512,86_bus_Q32:0,17_subway_JSQ–33_via_HOB:1
96,276,2014-08-01 09:49:00,40.7654,-73.9756,B02512,92_bus_M5:0,132_subway_M:0
97,278,2014-08-01 09:55:00,40.7667,-73.9688,B02512,86_bus_Q32:0,39_subway_N:1
98,280,2014-08-01 09:57:00,40.7563,-73.9943,B02512,116_bus_M42:1,170_subway_A:2
99,281,2014-08-01 09:57:00,40.7638,-73.9733,B02512,86_bus_Q32:0,40_subway_N:2
100,285,2014-08-01 10:03:00,40.7558,-73.9728,B02512,114_bus_M50:1,24_subway_5:2
101,290,2014-08-01 10:08:00,40.7359,-73.9978,B02512,127_bus_M11:1,164_subway_6:0
102,293,2014-08-01 10:12:00,40.7567,-73.9731,B02512,114_bus_M50:1,161_subway_5:7
103,295,2014-08-01 10:16:00,40.7547,-74.0064,B02512,90_bus_M23_SBS:0,157_subway_3:1
104,296,2014-08-01 10:19:00,40.7559,-73.9902,B02512,89_bus_M42:0,130_subway_1:0
105,298,2014-08-01 10:23:00,40.7485,-73.9822,B02512,86_bus_Q32:0,29_subway_A:1
106,305,2014-08-01 10:31:00,40.7665,-73.9706,B02512,86_bus_Q32:0,177_subway_N:4
107,306,2014-08-01 10:31:00,40.7529,-73.9872,B02512,86_bus_Q32:0,79_train_173:0
108,307,2014-08-01 10:32:00,40.761,-73.9685,B02512,86_bus_Q32:0,171_subway_W:1
109,308,2014-08-01 10:32:00,40.7401,-73.9917,B02512,126_bus_M5:1,140_subway_3:0
110,309,2014-08-01 10:34:00,40.7616,-73.9747,B02512,86_bus_Q32:0,171_subway_W:1
111,310,2014-08-01 10:38:00,40.7625,-73.9964,B02512,116_bus_M42:1,17_subway_JSQ–33_via_HOB:1
112,312,2014-08-01 10:39:00,40.7535,-73.976,B02512,89_bus_M42:0,190_subway_F:3
113,314,2014-08-01 10:41:00,40.74,-74.001,B02512,117_bus_M14A_SBS:1,42_subway_Q:1
114,316,2014-08-01 10:43:00,40.7607,-73.999,B02512,116_bus_M42:1,178_subway_N:5
115,317,2014-08-01 10:44:00,40.7482,-74.0001,B02512,0_bus_2602:0,169_subway_N:3
116,318,2014-08-01 10:45:00,40.7538,-73.9912,B02512,89_bus_M42:0,130_subway_1:0
117,319,2014-08-01 10:46:00,40.7538,-73.968,B02512,114_bus_M50:1,130_subway_1:0
118,320,2014-08-01 10:47:00,40.7626,-73.9882,B02512,114_bus_M50:1,198_subway_4:4
119,322,2014-08-01 10:52:00,40.7506,-73.9834,B02512,86_bus_Q32:0,168_subway_W:0
120,325,2014-08-01 10:55:00,40.7535,-73.9948,B02512,0_bus_2602:0,158_subway_4:3
121,332,2014-08-01 11:07:00,40.7666,-73.967,B02512,97_bus_M66:0,160_subway_5:6
122,337,2014-08-01 11:13:00,40.7507,-73.9862,B02512,120_bus_M34A_SBS:1,193_subway_E:5
123,339,2014-08-01 11:16:00,40.7411,-73.9837,B02512,122_bus_M15:0,31_subway_D:1
124,340,2014-08-01 11:17:00,40.7486,-73.987,B02512,120_bus_M34A_SBS:1,134_subway_D:4
125,341,2014-08-01 11:17:00,40.7557,-73.971,B02512,96_bus_M50:0,180_subway_6:2
126,342,2014-08-01 11:17:00,40.7596,-73.9725,B02512,86_bus_Q32:0,21_subway_F:1
127,343,2014-08-01 11:19:00,40.7514,-73.9761,B02512,89_bus_M42:0,70_train_172:0
128,346,2014-08-01 11:22:00,40.7421,-73.9904,B02512,126_bus_M5:1,177_subway_N:4
129,348,2014-08-01 11:23:00,40.7643,-73.9694,B02512,86_bus_Q32:0,201_subway_3:3
130,349,2014-08-01 11:23:00,40.765,-73.9792,B02512,128_bus_M7:1,40_subway_N:2
131,350,2014-08-01 11:24:00,40.7593,-73.9862,B02512,114_bus_M50:1,184_subway_A:3
132,354,2014-08-01 11:26:00,40.7388,-73.9892,B02512,152_bus_M15-SBS:1,147_subway_2:1
133,357,2014-08-01 11:27:00,40.7627,-73.9679,B02512,86_bus_Q32:0,27_subway_4:1
134,360,2014-08-01 11:30:00,40.7508,-73.9851,B02512,86_bus_Q32:0,72_train_168:0
135,364,2014-08-01 11:36:00,40.7442,-73.992,B02512,126_bus_M5:1,176_subway_Q:3
136,367,2014-08-01 11:38:00,40.7643,-73.9707,B02512,86_bus_Q32:0,133_subway_B:0
137,371,2014-08-01 11:42:00,40.7373,-74.0083,B02512,127_bus_M11:1,35_subway_E:1
138,372,2014-08-01 11:45:00,40.7566,-73.9801,B02512,114_bus_M50:1,181_subway_6:3
139,373,2014-08-01 11:45:00,40.7448,-73.9922,B02512,126_bus_M5:1,34_subway_E:0
140,377,2014-08-01 11:50:00,40.7543,-73.9873,B02512,89_bus_M42:0,178_subway_N:5
141,378,2014-08-01 11:52:00,40.7454,-73.9805,B02512,86_bus_Q32:0,169_subway_N:3
142,382,2014-08-01 11:56:00,40.756,-73.9793,B02512,86_bus_Q32:0,83_train_139:0
143,383,2014-08-01 11:57:00,40.7664,-73.9688,B02512,86_bus_Q32:0,33_subway_D:3
144,384,2014-08-01 11:57:00,40.7557,-73.9739,B02512,114_bus_M50:1,38_subway_N:0
145,385,2014-08-01 11:57:00,40.7595,-73.9748,B02512,86_bus_Q32:0,148_subway_HOB–33:1
146,387,2014-08-01 11:58:00,40.7367,-73.9889,B02512,152_bus_M15-SBS:1,155_subway_2:2
147,390,2014-08-01 11:59:00,40.742,-73.9936,B02512,126_bus_M5:1,27_subway_4:1
148,396,2014-08-01 12:08:00,40.7524,-73.9784,B02512,89_bus_M42:0,176_subway_Q:3
149,397,2014-08-01 12:09:00,40.7547,-73.9878,B02512,89_bus_M42:0,79_train_173:0
150,404,2014-08-01 12:15:00,40.7573,-73.9779,B02512,114_bus_M50:1,171_subway_W:1
151,405,2014-08-01 12:16:00,40.7571,-73.9736,B02512,114_bus_M50:1,136_subway_C:0
152,409,2014-08-01 12:19:00,40.7416,-74.0071,B02512,142_bus_M12:1,193_subway_E:5
153,412,2014-08-01 12:23:00,40.738,-73.9922,B02512,126_bus_M5:1,135_subway_F:2
154,413,2014-08-01 12:23:00,40.7386,-73.9977,B02512,117_bus_M14A_SBS:1,32_subway_D:2
155,414,2014-08-01 12:24:00,40.7606,-73.9849,B02512,114_bus_M50:1,67_train_99:0
156,417,2014-08-01 12:26:00,40.7638,-73.9746,B02512,92_bus_M5:0,156_subway_2:3
157,418,2014-08-01 12:29:00,40.762,-73.9663,B02512,86_bus_Q32:0,38_subway_N:0
158,424,2014-08-01 12:40:00,40.743,-73.981,B02512,122_bus_M15:0,167_subway_7:1
159,426,2014-08-01 12:43:00,40.7563,-73.9731,B02512,114_bus_M50:1,171_subway_W:1
160,431,2014-08-01 12:48:00,40.7607,-73.9735,B02512,86_bus_Q32:0,29_subway_A:1
161,432,2014-08-01 12:50:00,40.7467,-74.0015,B02512,117_bus_M14A_SBS:1,34_subway_E:0
162,435,2014-08-01 12:50:00,40.7636,-73.973,B02512,86_bus_Q32:0,199_subway_4:5
163,439,2014-08-01 12:56:00,40.7578,-73.9752,B02512,96_bus_M50:0,192_subway_D:5
164,440,2014-08-01 12:56:00,40.754,-73.9794,B02512,89_bus_M42:0,48_train_57:0
165,445,2014-08-01 12:59:00,40.7518,-73.9784,B02512,89_bus_M42:0,30_subway_D:0
166,446,2014-08-01 13:02:00,40.7382,-74.0092,B02512,127_bus_M11:1,200_subway_3:2
167,448,2014-08-01 13:03:00,40.7541,-73.998,B02512,0_bus_2602:0,42_subway_Q:1
168,449,2014-08-01 13:04:00,40.7662,-73.968,B02512,86_bus_Q32:0,71_train_170:0
169,451,2014-08-01 13:07:00,40.7561,-73.9729,B02512,114_bus_M50:1,166_subway_7:0
170,452,2014-08-01 13:08:00,40.7506,-73.9945,B02512,0_bus_2602:0,194_train_2158+2248+2250+2252+2254+2256:0
171,454,2014-08-01 13:11:00,40.7545,-73.9688,B02512,122_bus_M15:0,136_subway_C:0
172,455,2014-08-01 13:11:00,40.7381,-74.0045,B02512,127_bus_M11:1,169_subway_N:3
173,456,2014-08-01 13:13:00,40.7525,-73.9819,B02512,89_bus_M42:0,178_subway_N:5
174,462,2014-08-01 13:16:00,40.751,-73.9848,B02512,86_bus_Q32:0,39_subway_N:1
175,464,2014-08-01 13:19:00,40.7486,-73.9886,B02512,86_bus_Q32:0,138_subway_5:4
176,469,2014-08-01 13:23:00,40.7454,-73.9887,B02512,126_bus_M5:1,31_subway_D:1
177,473,2014-08-01 13:25:00,40.7578,-73.9716,B02512,96_bus_M50:0,180_subway_6:2
178,475,2014-08-01 13:25:00,40.7586,-73.977,B02512,96_bus_M50:0,41_subway_Q:0
179,477,2014-08-01 13:29:00,40.7583,-73.9764,B02512,96_bus_M50:0,158_subway_4:3
180,478,2014-08-01 13:30:00,40.7429,-73.9802,B02512,122_bus_M15:0,165_subway_6:1
181,479,2014-08-01 13:31:00,40.746,-74.0019,B02512,117_bus_M14A_SBS:1,141_subway_4:2
182,480,2014-08-01 13:31:00,40.7517,-73.9706,B02512,122_bus_M15:0,30_subway_D:0
183,481,2014-08-01 13:32:00,40.746,-73.9826,B02512,86_bus_Q32:0,197_subway_B:3
184,483,2014-08-01 13:37:00,40.7589,-73.9796,B02512,96_bus_M50:0,148_subway_HOB–33:1
185,485,2014-08-01 13:38:00,40.759,-73.9958,B02512,116_bus_M42:1,161_subway_5:7
186,488,2014-08-01 13:41:00,40.7362,-73.9933,B02512,152_bus_M15-SBS:1,36_subway_E:2
187,490,2014-08-01 13:43:00,40.7511,-73.9733,B02512,116_bus_M42:1,184_subway_A:3
188,491,2014-08-01 13:44:00,40.742,-73.9904,B02512,126_bus_M5:1,164_subway_6:0
189,493,2014-08-01 13:47:00,40.7408,-73.9971,B02512,117_bus_M14A_SBS:1,199_subway_4:5
190,495,2014-08-01 13:49:00,40.7409,-73.992,B02512,126_bus_M5:1,41_subway_Q:0
191,500,2014-08-01 13:55:00,40.7511,-73.9791,B02512,89_bus_M42:0,41_subway_Q:0
192,501,2014-08-01 13:55:00,40.7666,-73.9816,B02512,95_bus_M57:0,41_subway_Q:0
193,505,2014-08-01 13:57:00,40.7601,-73.9717,B02512,86_bus_Q32:0,21_subway_F:1
194,507,2014-08-01 13:57:00,40.7622,-73.97,B02512,86_bus_Q32:0,41_subway_Q:0
195,508,2014-08-01 13:57:00,40.7452,-73.9826,B02512,86_bus_Q32:0,132_subway_M:0
196,515,2014-08-01 14:12:00,40.7394,-73.9979,B02512,117_bus_M14A_SBS:1,185_subway_A:4
197,517,2014-08-01 14:14:00,40.7415,-73.9915,B02512,126_bus_M5:1,159_subway_5:5
198,518,2014-08-01 14:14:00,40.7584,-73.9729,B02512,86_bus_Q32:0,130_subway_1:0
199,519,2014-08-01 14:14:00,40.7608,-73.9671,B02512,86_bus_Q32:0,172_subway_M:1
200,521,2014-08-01 14:17:00,40.7472,-73.9897,B02512,126_bus_M5:1,198_subway_4:4
201,522,2014-08-01 14:18:00,40.7449,-73.9844,B02512,86_bus_Q32:0,189_subway_B:1
202,528,2014-08-01 14:22:00,40.7665,-73.9802,B02512,121_bus_M104:0,174_subway_R:1
203,531,2014-08-01 14:24:00,40.7543,-73.9799,B02512,89_bus_M42:0,191_subway_C:1
204,532,2014-08-01 14:24:00,40.7514,-73.9939,B02512,0_bus_2602:0,183_subway_7:3
205,534,2014-08-01 14:25:00,40.7666,-73.9884,B02512,96_bus_M50:0,42_subway_Q:1
206,537,2014-08-01 14:28:00,40.75,-73.9816,B02512,86_bus_Q32:0,35_subway_E:1
207,538,2014-08-01 14:29:00,40.7609,-73.9872,B02512,114_bus_M50:1,20_subway_F:0
208,540,2014-08-01 14:29:00,40.7406,-74.0079,B02512,142_bus_M12:1,21_subway_F:1
209,541,2014-08-01 14:29:00,40.7406,-74.0079,B02512,142_bus_M12:1,160_subway_5:6
210,542,2014-08-01 14:30:00,40.7644,-73.9713,B02512,86_bus_Q32:0,130_subway_1:0
211,544,2014-08-01 14:31:00,40.7462,-74.0047,B02512,90_bus_M23_SBS:0,191_subway_C:1
212,546,2014-08-01 14:32:00,40.7601,-73.9683,B02512,86_bus_Q32:0,187_subway_A:6
213,548,2014-08-01 14:33:00,40.7451,-73.9771,B02512,122_bus_M15:0,36_subway_E:2
214,552,2014-08-01 14:37:00,40.7565,-73.9801,B02512,114_bus_M50:1,193_subway_E:5
215,555,2014-08-01 14:39:00,40.7402,-73.9948,B02512,126_bus_M5:1,136_subway_C:0
216,556,2014-08-01 14:40:00,40.7419,-74.0074,B02512,142_bus_M12:1,175_subway_Q:2
217,560,2014-08-01 14:41:00,40.7591,-73.9768,B02512,96_bus_M50:0,111_subway_JSQ–33:0
218,561,2014-08-01 14:42:00,40.7507,-73.9772,B02512,89_bus_M42:0,164_subway_6:0
219,564,2014-08-01 14:47:00,40.7426,-74.007,B02512,142_bus_M12:1,137_subway_E:4
220,565,2014-08-01 14:48:00,40.7511,-73.9812,B02512,86_bus_Q32:0,111_subway_JSQ–33:0
221,566,2014-08-01 14:49:00,40.7488,-73.9737,B02512,122_bus_M15:0,177_subway_N:4
222,567,2014-08-01 14:50:00,40.7655,-73.9681,B02512,86_bus_Q32:0,130_subway_1:0
223,568,2014-08-01 14:51:00,40.7565,-73.9784,B02512,86_bus_Q32:0,70_train_172:0
224,569,2014-08-01 14:54:00,40.7615,-73.9711,B02512,86_bus_Q32:0,56_train_140:0
225,570,2014-08-01 14:54:00,40.7519,-73.9936,B02512,0_bus_2602:0,164_subway_6:0
226,572,2014-08-01 14:56:00,40.756,-73.9827,B02512,89_bus_M42:0,134_subway_D:4
227,577,2014-08-01 15:01:00,40.7512,-73.9827,B02512,86_bus_Q32:0,77_train_195:0
228,578,2014-08-01 15:02:00,40.759,-73.9776,B02512,96_bus_M50:0,180_subway_6:2
229,579,2014-08-01 15:03:00,40.758,-73.9713,B02512,96_bus_M50:0,147_subway_2:1
230,581,2014-08-01 15:04:00,40.7621,-73.9842,B02512,96_bus_M50:0,176_subway_Q:3
231,583,2014-08-01 15:05:00,40.763,-73.9732,B02512,86_bus_Q32:0,23_subway_5:1
232,585,2014-08-01 15:07:00,40.7641,-73.9705,B02512,86_bus_Q32:0,178_subway_N:5
233,588,2014-08-01 15:09:00,40.7621,-73.9787,B02512,96_bus_M50:0,168_subway_W:0
234,589,2014-08-01 15:10:00,40.7589,-73.9771,B02512,96_bus_M50:0,178_subway_N:5
235,590,2014-08-01 15:10:00,40.7425,-73.9829,B02512,86_bus_Q32:0,187_subway_A:6
236,592,2014-08-01 15:11:00,40.7557,-73.9779,B02512,86_bus_Q32:0,177_subway_N:4
237,593,2014-08-01 15:12:00,40.7542,-73.9788,B02512,89_bus_M42:0,40_subway_N:2
238,597,2014-08-01 15:14:00,40.7566,-73.9763,B02512,114_bus_M50:1,137_subway_E:4
239,598,2014-08-01 15:16:00,40.7667,-73.9787,B02512,128_bus_M7:1,158_subway_4:3
240,599,2014-08-01 15:16:00,40.7382,-74.0002,B02512,127_bus_M11:1,37_subway_E:3
241,602,2014-08-01 15:18:00,40.762,-73.9899,B02512,114_bus_M50:1,199_subway_4:5
242,603,2014-08-01 15:19:00,40.7442,-73.9825,B02512,86_bus_Q32:0,168_subway_W:0
243,605,2014-08-01 15:20:00,40.7601,-73.9719,B02512,86_bus_Q32:0,30_subway_D:0
244,610,2014-08-01 15:23:00,40.7428,-73.9804,B02512,122_bus_M15:0,176_subway_Q:3
245,611,2014-08-01 15:24:00,40.7545,-73.9866,B02512,89_bus_M42:0,155_subway_2:2
246,612,2014-08-01 15:26:00,40.7496,-73.9874,B02512,120_bus_M34A_SBS:1,31_subway_D:1
247,613,2014-08-01 15:27:00,40.7605,-73.9737,B02512,86_bus_Q32:0,158_subway_4:3
248,616,2014-08-01 15:28:00,40.7543,-73.9769,B02512,86_bus_Q32:0,28_subway_A:0
249,620,2014-08-01 15:31:00,40.7386,-73.9843,B02512,152_bus_M15-SBS:1,196_subway_B:2
250,621,2014-08-01 15:33:00,40.7418,-73.9859,B02512,86_bus_Q32:0,130_subway_1:0
251,624,2014-08-01 15:33:00,40.743,-73.9811,B02512,122_bus_M15:0,190_subway_F:3
252,627,2014-08-01 15:35:00,40.7603,-73.9741,B02512,86_bus_Q32:0,135_subway_F:2
253,629,2014-08-01 15:37:00,40.7585,-73.9869,B02512,89_bus_M42:0,192_subway_D:5
254,634,2014-08-01 15:38:00,40.7571,-73.9717,B02512,96_bus_M50:0,36_subway_E:2
255,635,2014-08-01 15:39:00,40.7599,-73.9725,B02512,86_bus_Q32:0,168_subway_W:0
256,637,2014-08-01 15:40:00,40.7584,-73.9766,B02512,96_bus_M50:0,18_subway_S:0
257,638,2014-08-01 15:40:00,40.7536,-73.9753,B02512,89_bus_M42:0,17_subway_JSQ–33_via_HOB:1
258,641,2014-08-01 15:41:00,40.7562,-74.0018,B02512,116_bus_M42:1,184_subway_A:3
259,642,2014-08-01 15:42:00,40.7458,-73.9906,B02512,126_bus_M5:1,27_subway_4:1
260,643,2014-08-01 15:42:00,40.7472,-74.0009,B02512,0_bus_2602:0,28_subway_A:0
261,645,2014-08-01 15:43:00,40.7614,-73.983,B02512,96_bus_M50:0,75_train_162:0
262,646,2014-08-01 15:43:00,40.7614,-73.983,B02512,96_bus_M50:0,42_subway_Q:1
263,650,2014-08-01 15:44:00,40.7548,-73.977,B02512,86_bus_Q32:0,199_subway_4:5
264,655,2014-08-01 15:47:00,40.7593,-73.9805,B02512,96_bus_M50:0,109_train_Montclair-Boonton:0
265,656,2014-08-01 15:47:00,40.7618,-73.981,B02512,128_bus_M7:1,134_subway_D:4
266,658,2014-08-01 15:48:00,40.7615,-73.9669,B02512,86_bus_Q32:0,155_subway_2:2
267,661,2014-08-01 15:49:00,40.75,-73.9904,B02512,119_bus_M34_SBS:1,165_subway_6:1
268,662,2014-08-01 15:51:00,40.7351,-74.0025,B02512,127_bus_M11:1,171_subway_W:1
269,663,2014-08-01 15:51:00,40.7474,-73.9916,B02512,126_bus_M5:1,164_subway_6:0
270,664,2014-08-01 15:51:00,40.7576,-73.978,B02512,114_bus_M50:1,48_train_57:0
271,665,2014-08-01 15:52:00,40.7409,-73.9921,B02512,126_bus_M5:1,39_subway_N:1
272,667,2014-08-01 15:54:00,40.7633,-73.9739,B02512,86_bus_Q32:0,34_subway_E:0
273,668,2014-08-01 15:54:00,40.7623,-73.9825,B02512,123_bus_M20:0,85_train_135:0
274,671,2014-08-01 15:54:00,40.76,-73.976,B02512,86_bus_Q32:0,174_subway_R:1
275,672,2014-08-01 15:55:00,40.7385,-74.0018,B02512,127_bus_M11:1,174_subway_R:1
276,675,2014-08-01 15:57:00,40.7427,-73.9875,B02512,126_bus_M5:1,155_subway_2:2
277,676,2014-08-01 15:58:00,40.7542,-73.9784,B02512,86_bus_Q32:0,24_subway_5:2
278,677,2014-08-01 15:59:00,40.7458,-73.9891,B02512,126_bus_M5:1,171_subway_W:1
279,679,2014-08-01 16:03:00,40.7546,-73.9814,B02512,89_bus_M42:0,21_subway_F:1
280,681,2014-08-01 16:06:00,40.7503,-73.9752,B02512,89_bus_M42:0,162_subway_S:2
281,683,2014-08-01 16:06:00,40.7558,-74.0023,B02512,116_bus_M42:1,158_subway_4:3
282,684,2014-08-01 16:07:00,40.7618,-73.9726,B02512,86_bus_Q32:0,38_subway_N:0
283,685,2014-08-01 16:07:00,40.7487,-74.0037,B02512,90_bus_M23_SBS:0,108_train_Morristown:0
284,686,2014-08-01 16:07:00,40.7424,-74.0005,B02512,117_bus_M14A_SBS:1,199_subway_4:5
285,687,2014-08-01 16:08:00,40.7451,-73.9854,B02512,86_bus_Q32:0,83_train_139:0
286,688,2014-08-01 16:08:00,40.7422,-73.9856,B02512,86_bus_Q32:0,180_subway_6:2
287,690,2014-08-01 16:08:00,40.7541,-73.9978,B02512,0_bus_2602:0,200_subway_3:2
288,697,2014-08-01 16:13:00,40.7421,-74.0045,B02512,117_bus_M14A_SBS:1,147_subway_2:1
289,698,2014-08-01 16:14:00,40.7502,-73.9948,B02512,0_bus_2602:0,198_subway_4:4
290,700,2014-08-01 16:14:00,40.7385,-73.987,B02512,152_bus_M15-SBS:1,24_subway_5:2
291,701,2014-08-01 16:15:00,40.7521,-73.9893,B02512,86_bus_Q32:0,37_subway_E:3
292,702,2014-08-01 16:16:00,40.7567,-73.9703,B02512,96_bus_M50:0,172_subway_M:1
293,703,2014-08-01 16:16:00,40.7633,-73.9964,B02512,142_bus_M12:1,130_subway_1:0
294,706,2014-08-01 16:16:00,40.7512,-74.0064,B02512,90_bus_M23_SBS:0,30_subway_D:0
295,709,2014-08-01 16:18:00,40.7531,-73.973,B02512,114_bus_M50:1,190_subway_F:3
296,711,2014-08-01 16:20:00,40.7541,-73.9747,B02512,114_bus_M50:1,171_subway_W:1
297,713,2014-08-01 16:20:00,40.7587,-73.9689,B02512,122_bus_M15:0,199_subway_4:5
298,714,2014-08-01 16:21:00,40.7558,-73.9981,B02512,116_bus_M42:1,38_subway_N:0
299,715,2014-08-01 16:21:00,40.7516,-73.994,B02512,0_bus_2602:0,38_subway_N:0
300,716,2014-08-01 16:21:00,40.763,-73.9743,B02512,86_bus_Q32:0,164_subway_6:0
301,720,2014-08-01 16:24:00,40.7463,-73.985,B02512,86_bus_Q32:0,159_subway_5:5
302,721,2014-08-01 16:27:00,40.751,-73.9923,B02512,0_bus_2602:0,154_subway_1:1
303,722,2014-08-01 16:28:00,40.7474,-73.9816,B02512,86_bus_Q32:0,190_subway_F:3
304,724,2014-08-01 16:30:00,40.7602,-73.9723,B02512,86_bus_Q32:0,171_subway_W:1
305,727,2014-08-01 16:30:00,40.7462,-73.9819,B02512,86_bus_Q32:0,20_subway_F:0
306,729,2014-08-01 16:32:00,40.7626,-73.9718,B02512,86_bus_Q32:0,197_subway_B:3
307,730,2014-08-01 16:32:00,40.7626,-73.9718,B02512,86_bus_Q32:0,182_subway_7:2
308,732,2014-08-01 16:34:00,40.7491,-73.9839,B02512,86_bus_Q32:0,174_subway_R:1
309,737,2014-08-01 16:39:00,40.7579,-73.9738,B02512,96_bus_M50:0,39_subway_N:1
310,738,2014-08-01 16:39:00,40.756,-73.9901,B02512,89_bus_M42:0,42_subway_Q:1
311,739,2014-08-01 16:41:00,40.7626,-73.9756,B02512,86_bus_Q32:0,168_subway_W:0
312,740,2014-08-01 16:41:00,40.7647,-73.9686,B02512,86_bus_Q32:0,38_subway_N:0
313,742,2014-08-01 16:43:00,40.7417,-73.9895,B02512,126_bus_M5:1,25_subway_5:3
314,745,2014-08-01 16:46:00,40.7485,-73.9885,B02512,86_bus_Q32:0,170_subway_A:2
315,747,2014-08-01 16:46:00,40.7592,-73.9812,B02512,114_bus_M50:1,154_subway_1:1
316,748,2014-08-01 16:47:00,40.7613,-73.9794,B02512,96_bus_M50:0,134_subway_D:4
317,750,2014-08-01 16:49:00,40.7595,-73.9774,B02512,96_bus_M50:0,172_subway_M:1
318,751,2014-08-01 16:50:00,40.7398,-73.9933,B02512,126_bus_M5:1,198_subway_4:4
319,752,2014-08-01 16:50:00,40.7664,-73.9918,B02512,96_bus_M50:0,186_subway_A:5
320,753,2014-08-01 16:51:00,40.7353,-74.0011,B02512,127_bus_M11:1,154_subway_1:1
321,754,2014-08-01 16:51:00,40.746,-73.9817,B02512,86_bus_Q32:0,34_subway_E:0
322,755,2014-08-01 16:51:00,40.7573,-73.9821,B02512,114_bus_M50:1,52_train_2164:0
323,758,2014-08-01 16:53:00,40.7371,-73.9886,B02512,152_bus_M15-SBS:1,134_subway_D:4
324,759,2014-08-01 16:54:00,40.7444,-73.973,B02512,153_bus_M15:1,134_subway_D:4
325,763,2014-08-01 16:55:00,40.7379,-73.9808,B02512,152_bus_M15-SBS:1,170_subway_A:2
326,765,2014-08-01 16:56:00,40.7537,-73.9693,B02512,114_bus_M50:1,172_subway_M:1
327,773,2014-08-01 17:04:00,40.7496,-73.9953,B02512,0_bus_2602:0,133_subway_B:0
328,775,2014-08-01 17:05:00,40.7456,-73.9818,B02512,86_bus_Q32:0,170_subway_A:2
329,777,2014-08-01 17:06:00,40.7515,-73.9881,B02512,86_bus_Q32:0,161_subway_5:7
330,778,2014-08-01 17:07:00,40.7431,-73.9791,B02512,122_bus_M15:0,168_subway_W:0
331,781,2014-08-01 17:08:00,40.7396,-74.004,B02512,117_bus_M14A_SBS:1,17_subway_JSQ–33_via_HOB:1
332,782,2014-08-01 17:09:00,40.7348,-73.989,B02512,152_bus_M15-SBS:1,193_subway_E:5
333,787,2014-08-01 17:12:00,40.764,-73.9852,B02512,96_bus_M50:0,37_subway_E:3
334,789,2014-08-01 17:14:00,40.7571,-73.9937,B02512,116_bus_M42:1,190_subway_F:3
335,793,2014-08-01 17:19:00,40.7603,-73.999,B02512,116_bus_M42:1,37_subway_E:3
336,794,2014-08-01 17:19:00,40.7515,-73.9758,B02512,89_bus_M42:0,172_subway_M:1
337,796,2014-08-01 17:21:00,40.763,-73.9786,B02512,121_bus_M104:0,198_subway_4:4
338,800,2014-08-01 17:24:00,40.76,-73.9786,B02512,96_bus_M50:0,35_subway_E:1
339,804,2014-08-01 17:28:00,40.7488,-73.9844,B02512,86_bus_Q32:0,191_subway_C:1
340,805,2014-08-01 17:28:00,40.7543,-73.9995,B02512,0_bus_2602:0,33_subway_D:3
341,806,2014-08-01 17:30:00,40.7366,-73.9816,B02512,152_bus_M15-SBS:1,177_subway_N:4
342,808,2014-08-01 17:32:00,40.754,-73.9805,B02512,89_bus_M42:0,39_subway_N:1
343,809,2014-08-01 17:33:00,40.7415,-73.9956,B02512,0_bus_2602:0,29_subway_A:1
344,812,2014-08-01 17:35:00,40.7548,-73.9719,B02512,114_bus_M50:1,147_subway_2:1
345,817,2014-08-01 17:37:00,40.7414,-73.9852,B02512,86_bus_Q32:0,37_subway_E:3
346,820,2014-08-01 17:40:00,40.7435,-73.9826,B02512,86_bus_Q32:0,82_train_161:0
347,821,2014-08-01 17:41:00,40.7501,-73.9833,B02512,86_bus_Q32:0,139_subway_2:0
348,826,2014-08-01 17:44:00,40.7583,-73.9745,B02512,96_bus_M50:0,133_subway_B:0
349,827,2014-08-01 17:44:00,40.7486,-73.9844,B02512,86_bus_Q32:0,139_subway_2:0
350,828,2014-08-01 17:44:00,40.7392,-73.9899,B02512,126_bus_M5:1,17_subway_JSQ–33_via_HOB:1
351,829,2014-08-01 17:45:00,40.7635,-73.9713,B02512,86_bus_Q32:0,191_subway_C:1
352,831,2014-08-01 17:46:00,40.7455,-73.9935,B02512,0_bus_2602:0,20_subway_F:0
353,833,2014-08-01 17:47:00,40.7389,-74.0092,B02512,127_bus_M11:1,37_subway_E:3
354,834,2014-08-01 17:47:00,40.7459,-73.9823,B02512,86_bus_Q32:0,130_subway_1:0
355,836,2014-08-01 17:49:00,40.7505,-73.9858,B02512,120_bus_M34A_SBS:1,41_subway_Q:0
356,842,2014-08-01 17:52:00,40.7472,-73.9796,B02512,86_bus_Q32:0,157_subway_3:1
357,843,2014-08-01 17:52:00,40.7399,-73.9985,B02512,117_bus_M14A_SBS:1,138_subway_5:4
358,844,2014-08-01 17:54:00,40.7661,-73.9949,B02512,96_bus_M50:0,147_subway_2:1
359,850,2014-08-01 17:57:00,40.7535,-73.9798,B02512,89_bus_M42:0,180_subway_6:2
360,852,2014-08-01 17:58:00,40.7487,-73.9951,B02512,0_bus_2602:0,30_subway_D:0
361,855,2014-08-01 17:59:00,40.7528,-73.9743,B02512,89_bus_M42:0,52_train_2164:0
362,856,2014-08-01 17:59:00,40.7357,-73.9929,B02512,152_bus_M15-SBS:1,23_subway_5:1
363,861,2014-08-01 18:02:00,40.7406,-73.9903,B02512,126_bus_M5:1,31_subway_D:1
364,863,2014-08-01 18:03:00,40.7482,-74.0056,B02512,90_bus_M23_SBS:0,61_train_96+194:0
365,864,2014-08-01 18:05:00,40.7631,-73.9807,B02512,128_bus_M7:1,38_subway_N:0
366,865,2014-08-01 18:07:00,40.7408,-73.9874,B02512,86_bus_Q32:0,199_subway_4:5
367,867,2014-08-01 18:07:00,40.7577,-73.9822,B02512,114_bus_M50:1,35_subway_E:1
368,871,2014-08-01 18:10:00,40.7423,-73.9818,B02512,152_bus_M15-SBS:1,38_subway_N:0
369,873,2014-08-01 18:11:00,40.7536,-73.9884,B02512,86_bus_Q32:0,198_subway_4:4
370,874,2014-08-01 18:11:00,40.7624,-73.9897,B02512,114_bus_M50:1,169_subway_N:3
371,875,2014-08-01 18:12:00,40.7381,-74.0082,B02512,127_bus_M11:1,199_subway_4:5
372,883,2014-08-01 18:15:00,40.7578,-73.9737,B02512,96_bus_M50:0,199_subway_4:5
373,886,2014-08-01 18:16:00,40.7478,-73.9831,B02512,86_bus_Q32:0,147_subway_2:1
374,893,2014-08-01 18:22:00,40.7582,-73.975,B02512,96_bus_M50:0,22_subway_5:0
375,896,2014-08-01 18:24:00,40.753,-73.9835,B02512,89_bus_M42:0,181_subway_6:3
376,900,2014-08-01 18:28:00,40.7647,-73.9717,B02512,86_bus_Q32:0,181_subway_6:3
377,901,2014-08-01 18:28:00,40.7563,-73.9713,B02512,96_bus_M50:0,180_subway_6:2
378,902,2014-08-01 18:29:00,40.7622,-73.9745,B02512,86_bus_Q32:0,27_subway_4:1
379,904,2014-08-01 18:30:00,40.7475,-73.9847,B02512,86_bus_Q32:0,169_subway_N:3
380,905,2014-08-01 18:30:00,40.7422,-74.0046,B02512,117_bus_M14A_SBS:1,50_train_2165:0
381,911,2014-08-01 18:32:00,40.7651,-73.9889,B02512,96_bus_M50:0,132_subway_M:0
382,912,2014-08-01 18:32:00,40.7474,-73.9849,B02512,86_bus_Q32:0,61_train_96+194:0
383,913,2014-08-01 18:32:00,40.7544,-73.996,B02512,0_bus_2602:0,173_subway_R:0
384,914,2014-08-01 18:33:00,40.7406,-74.0066,B02512,117_bus_M14A_SBS:1,181_subway_6:3
385,915,2014-08-01 18:33:00,40.7609,-73.9993,B02512,116_bus_M42:1,182_subway_7:2
386,917,2014-08-01 18:34:00,40.7419,-73.9905,B02512,126_bus_M5:1,135_subway_F:2
387,921,2014-08-01 18:38:00,40.7376,-73.9858,B02512,152_bus_M15-SBS:1,70_train_172:0
388,924,2014-08-01 18:40:00,40.755,-73.9707,B02512,96_bus_M50:0,147_subway_2:1
389,925,2014-08-01 18:42:00,40.7585,-73.9891,B02512,89_bus_M42:0,196_subway_B:2
390,929,2014-08-01 18:44:00,40.7617,-74.0,B02512,116_bus_M42:1,40_subway_N:2
391,931,2014-08-01 18:45:00,40.7478,-73.981,B02512,86_bus_Q32:0,147_subway_2:1
392,933,2014-08-01 18:47:00,40.7555,-73.9957,B02512,116_bus_M42:1,147_subway_2:1
393,937,2014-08-01 18:49:00,40.7626,-74.0011,B02512,96_bus_M50:0,165_subway_6:1
394,939,2014-08-01 18:54:00,40.7565,-73.9739,B02512,114_bus_M50:1,21_subway_F:1
395,940,2014-08-01 18:55:00,40.76,-73.9721,B02512,86_bus_Q32:0,193_subway_E:5
396,944,2014-08-01 18:55:00,40.7352,-73.9935,B02512,152_bus_M15-SBS:1,190_subway_F:3
397,950,2014-08-01 19:00:00,40.7602,-73.9836,B02512,114_bus_M50:1,198_subway_4:4
398,951,2014-08-01 19:03:00,40.7432,-73.9902,B02512,126_bus_M5:1,134_subway_D:4
399,952,2014-08-01 19:04:00,40.7495,-73.9932,B02512,0_bus_2602:0,23_subway_5:1
400,954,2014-08-01 19:04:00,40.7425,-73.9943,B02512,126_bus_M5:1,39_subway_N:1
401,955,2014-08-01 19:05:00,40.7437,-74.0063,B02512,142_bus_M12:1,191_subway_C:1
402,957,2014-08-01 19:05:00,40.749,-73.9928,B02512,0_bus_2602:0,35_subway_E:1
403,958,2014-08-01 19:05:00,40.7404,-74.0079,B02512,127_bus_M11:1,160_subway_5:6
404,959,2014-08-01 19:05:00,40.7498,-74.006,B02512,90_bus_M23_SBS:0,132_subway_M:0
405,960,2014-08-01 19:07:00,40.7365,-73.9868,B02512,152_bus_M15-SBS:1,186_subway_A:5
406,962,2014-08-01 19:09:00,40.7584,-73.9703,B02512,96_bus_M50:0,39_subway_N:1
407,964,2014-08-01 19:11:00,40.7611,-73.9742,B02512,86_bus_Q32:0,130_subway_1:0
408,965,2014-08-01 19:11:00,40.7606,-73.9909,B02512,114_bus_M50:1,133_subway_B:0
409,970,2014-08-01 19:14:00,40.7502,-73.9835,B02512,86_bus_Q32:0,39_subway_N:1
410,972,2014-08-01 19:15:00,40.7382,-74.0085,B02512,127_bus_M11:1,174_subway_R:1
411,974,2014-08-01 19:16:00,40.7659,-73.9831,B02512,95_bus_M57:0,60_train_66:0
412,977,2014-08-01 19:19:00,40.7525,-73.9731,B02512,116_bus_M42:1,154_subway_1:1
413,980,2014-08-01 19:23:00,40.7572,-73.9756,B02512,86_bus_Q32:0,174_subway_R:1
414,987,2014-08-01 19:33:00,40.7404,-73.9818,B02512,122_bus_M15:0,42_subway_Q:1
415,990,2014-08-01 19:37:00,40.7411,-73.9926,B02512,126_bus_M5:1,33_subway_D:3
416,992,2014-08-01 19:38:00,40.7349,-73.9932,B02512,152_bus_M15-SBS:1,55_train_146:0
417,993,2014-08-01 19:38:00,40.7413,-73.9962,B02512,0_bus_2602:0,159_subway_5:5
418,995,2014-08-01 19:40:00,40.7384,-73.9854,B02512,152_bus_M15-SBS:1,145_train_95:0
419,1003,2014-08-01 19:45:00,40.7589,-73.9749,B02512,86_bus_Q32:0,31_subway_D:1
420,1004,2014-08-01 19:46:00,40.7429,-73.993,B02512,126_bus_M5:1,141_subway_4:2
421,1005,2014-08-01 19:46:00,40.7653,-73.9766,B02512,92_bus_M5:0,182_subway_7:2
422,1006,2014-08-01 19:47:00,40.7502,-73.9951,B02512,0_bus_2602:0,193_subway_E:5
423,1007,2014-08-01 19:47:00,40.7394,-73.9994,B02512,117_bus_M14A_SBS:1,83_train_139:0
424,1009,2014-08-01 19:47:00,40.7472,-73.9824,B02512,86_bus_Q32:0,34_subway_E:0
425,1011,2014-08-01 19:49:00,40.7562,-73.9713,B02512,96_bus_M50:0,141_subway_4:2
426,1012,2014-08-01 19:49:00,40.7486,-74.006,B02512,90_bus_M23_SBS:0,155_subway_2:2
427,1014,2014-08-01 19:50:00,40.7634,-73.9722,B02512,86_bus_Q32:0,39_subway_N:1
428,1017,2014-08-01 19:52:00,40.7582,-73.9752,B02512,96_bus_M50:0,155_subway_2:2
429,1021,2014-08-01 19:55:00,40.7441,-74.0033,B02512,117_bus_M14A_SBS:1,35_subway_E:1
430,1023,2014-08-01 19:56:00,40.753,-74.0039,B02512,90_bus_M23_SBS:0,38_subway_N:0
431,1024,2014-08-01 19:56:00,40.753,-74.0039,B02512,90_bus_M23_SBS:0,193_subway_E:5
432,1029,2014-08-01 19:59:00,40.7486,-74.0082,B02512,90_bus_M23_SBS:0,23_subway_5:1
433,1030,2014-08-01 20:01:00,40.7498,-73.9924,B02512,0_bus_2602:0,25_subway_5:3
434,1032,2014-08-01 20:03:00,40.7432,-73.9844,B02512,86_bus_Q32:0,50_train_2165:0
435,1033,2014-08-01 20:03:00,40.745,-73.9771,B02512,122_bus_M15:0,169_subway_N:3
436,1035,2014-08-01 20:09:00,40.7571,-73.9769,B02512,114_bus_M50:1,40_subway_N:2
437,1036,2014-08-01 20:10:00,40.7447,-73.9914,B02512,126_bus_M5:1,22_subway_5:0
438,1038,2014-08-01 20:11:00,40.758,-73.9658,B02512,122_bus_M15:0,143_train_63:0
439,1039,2014-08-01 20:12:00,40.756,-73.9768,B02512,86_bus_Q32:0,39_subway_N:1
440,1040,2014-08-01 20:14:00,40.7418,-73.9798,B02512,122_bus_M15:0,38_subway_N:0
441,1044,2014-08-01 20:17:00,40.7423,-73.9829,B02512,152_bus_M15-SBS:1,164_subway_6:0
442,1046,2014-08-01 20:18:00,40.7395,-73.9936,B02512,126_bus_M5:1,137_subway_E:4
443,1048,2014-08-01 20:19:00,40.7456,-73.9908,B02512,126_bus_M5:1,36_subway_E:2
444,1053,2014-08-01 20:22:00,40.7579,-73.9718,B02512,96_bus_M50:0,190_subway_F:3
445,1058,2014-08-01 20:26:00,40.7444,-73.9749,B02512,122_bus_M15:0,40_subway_N:2
446,1060,2014-08-01 20:28:00,40.7442,-73.984,B02512,86_bus_Q32:0,40_subway_N:2
447,1065,2014-08-01 20:29:00,40.742,-73.9963,B02512,0_bus_2602:0,136_subway_C:0
448,1066,2014-08-01 20:30:00,40.7353,-73.9748,B02512,151_bus_M15-SBS:0,20_subway_F:0
449,1071,2014-08-01 20:36:00,40.7507,-73.9908,B02512,119_bus_M34_SBS:1,111_subway_JSQ–33:0
450,1073,2014-08-01 20:40:00,40.7557,-73.9877,B02512,89_bus_M42:0,23_subway_5:1
451,1074,2014-08-01 20:41:00,40.7588,-73.985,B02512,114_bus_M50:1,147_subway_2:1
452,1075,2014-08-01 20:41:00,40.7412,-73.9879,B02512,126_bus_M5:1,21_subway_F:1
453,1082,2014-08-01 20:45:00,40.7495,-73.9835,B02512,86_bus_Q32:0,161_subway_5:7
454,1083,2014-08-01 20:46:00,40.7491,-73.9761,B02512,89_bus_M42:0,183_subway_7:3
455,1085,2014-08-01 20:47:00,40.764,-73.9687,B02512,86_bus_Q32:0,37_subway_E:3
456,1090,2014-08-01 20:49:00,40.743,-74.008,B02512,142_bus_M12:1,192_subway_D:5
457,1092,2014-08-01 20:53:00,40.7624,-73.9882,B02512,114_bus_M50:1,39_subway_N:1
458,1095,2014-08-01 20:55:00,40.7552,-74.0025,B02512,116_bus_M42:1,164_subway_6:0
459,1101,2014-08-01 20:59:00,40.7546,-73.9725,B02512,114_bus_M50:1,168_subway_W:0
460,1110,2014-08-01 21:08:00,40.7625,-73.9964,B02512,116_bus_M42:1,193_subway_E:5
461,1112,2014-08-01 21:09:00,40.7412,-73.9876,B02512,126_bus_M5:1,180_subway_6:2
462,1113,2014-08-01 21:09:00,40.7405,-74.0056,B02512,117_bus_M14A_SBS:1,186_subway_A:5
463,1114,2014-08-01 21:10:00,40.7662,-73.966,B02512,97_bus_M66:0,178_subway_N:5
464,1120,2014-08-01 21:13:00,40.766,-73.9796,B02512,128_bus_M7:1,187_subway_A:6
465,1122,2014-08-01 21:14:00,40.7409,-73.9883,B02512,126_bus_M5:1,35_subway_E:1
466,1126,2014-08-01 21:17:00,40.7672,-73.9672,B02512,97_bus_M66:0,160_subway_5:6
467,1129,2014-08-01 21:18:00,40.7413,-73.9916,B02512,126_bus_M5:1,33_subway_D:3
468,1132,2014-08-01 21:21:00,40.7646,-73.9825,B02512,121_bus_M104:0,34_subway_E:0
469,1133,2014-08-01 21:23:00,40.7579,-73.9896,B02512,89_bus_M42:0,131_subway_L:0
470,1136,2014-08-01 21:27:00,40.752,-73.9809,B02512,89_bus_M42:0,171_subway_W:1
471,1139,2014-08-01 21:30:00,40.7393,-73.9849,B02512,152_bus_M15-SBS:1,199_subway_4:5
472,1140,2014-08-01 21:30:00,40.7612,-73.9785,B02512,96_bus_M50:0,63_train_94:0
473,1141,2014-08-01 21:31:00,40.7407,-74.0049,B02512,117_bus_M14A_SBS:1,135_subway_F:2
474,1146,2014-08-01 21:36:00,40.755,-73.9874,B02512,89_bus_M42:0,130_subway_1:0
475,1147,2014-08-01 21:36:00,40.7434,-73.984,B02512,86_bus_Q32:0,168_subway_W:0
476,1153,2014-08-01 21:37:00,40.7676,-73.981,B02512,121_bus_M104:0,165_subway_6:1
477,1157,2014-08-01 21:39:00,40.7608,-73.9869,B02512,114_bus_M50:1,185_subway_A:4
478,1159,2014-08-01 21:40:00,40.7397,-73.9796,B02512,122_bus_M15:0,173_subway_R:0
479,1160,2014-08-01 21:41:00,40.7567,-73.9823,B02512,89_bus_M42:0,180_subway_6:2
480,1162,2014-08-01 21:43:00,40.7641,-73.967,B02512,86_bus_Q32:0,135_subway_F:2
481,1165,2014-08-01 21:44:00,40.7418,-73.9852,B02512,86_bus_Q32:0,17_subway_JSQ–33_via_HOB:1
482,1166,2014-08-01 21:45:00,40.7661,-73.9914,B02512,96_bus_M50:0,176_subway_Q:3
483,1167,2014-08-01 21:45:00,40.7409,-74.002,B02512,117_bus_M14A_SBS:1,29_subway_A:1
484,1171,2014-08-01 21:47:00,40.7447,-73.989,B02512,126_bus_M5:1,155_subway_2:2
485,1172,2014-08-01 21:47:00,40.7518,-73.9928,B02512,0_bus_2602:0,134_subway_D:4
486,1173,2014-08-01 21:47:00,40.7583,-73.9899,B02512,89_bus_M42:0,178_subway_N:5
487,1178,2014-08-01 21:50:00,40.7584,-73.9899,B02512,89_bus_M42:0,130_subway_1:0
488,1179,2014-08-01 21:51:00,40.7493,-73.9955,B02512,0_bus_2602:0,132_subway_M:0
489,1183,2014-08-01 21:52:00,40.7377,-74.002,B02512,127_bus_M11:1,136_subway_C:0
490,1186,2014-08-01 21:53:00,40.7394,-74.0069,B02512,127_bus_M11:1,138_subway_5:4
491,1190,2014-08-01 21:56:00,40.7516,-73.9681,B02512,114_bus_M50:1,181_subway_6:3
492,1191,2014-08-01 21:56:00,40.7635,-73.9789,B02512,121_bus_M104:0,157_subway_3:1
493,1194,2014-08-01 22:00:00,40.7645,-73.9839,B02512,123_bus_M20:0,36_subway_E:2
494,1197,2014-08-01 22:01:00,40.7374,-73.984,B02512,152_bus_M15-SBS:1,178_subway_N:5
495,1201,2014-08-01 22:03:00,40.7443,-73.9758,B02512,122_bus_M15:0,171_subway_W:1
496,1204,2014-08-01 22:05:00,40.7603,-73.9783,B02512,96_bus_M50:0,28_subway_A:0
497,1216,2014-08-01 22:15:00,40.7361,-73.9872,B02512,152_bus_M15-SBS:1,136_subway_C:0
498,1224,2014-08-01 22:19:00,40.7445,-73.9907,B02512,126_bus_M5:1,40_subway_N:2
499,1228,2014-08-01 22:23:00,40.746,-74.0039,B02512,142_bus_M12:1,28_subway_A:0
500,1231,2014-08-01 22:25:00,40.7609,-73.9872,B02512,114_bus_M50:1,141_subway_4:2
501,1238,2014-08-01 22:33:00,40.7525,-74.0,B02512,0_bus_2602:0,72_train_168:0
502,1240,2014-08-01 22:34:00,40.7406,-73.9725,B02512,151_bus_M15-SBS:0,156_subway_2:3
503,1243,2014-08-01 22:37:00,40.742,-73.9971,B02512,0_bus_2602:0,130_subway_1:0
504,1246,2014-08-01 22:39:00,40.7627,-74.0011,B02512,96_bus_M50:0,189_subway_B:1
505,1258,2014-08-01 22:48:00,40.7589,-73.9884,B02512,89_bus_M42:0,170_subway_A:2
506,1259,2014-08-01 22:49:00,40.7407,-73.9917,B02512,126_bus_M5:1,178_subway_N:5
507,1265,2014-08-01 22:51:00,40.7368,-73.9737,B02512,151_bus_M15-SBS:0,199_subway_4:5
508,1269,2014-08-01 22:53:00,40.7623,-73.9786,B02512,96_bus_M50:0,36_subway_E:2
509,1272,2014-08-01 22:55:00,40.7619,-73.991,B02512,114_bus_M50:1,154_subway_1:1
510,1273,2014-08-01 22:55:00,40.7446,-73.9756,B02512,122_bus_M15:0,130_subway_1:0
511,1275,2014-08-01 22:57:00,40.7377,-73.9808,B02512,152_bus_M15-SBS:1,42_subway_Q:1
512,1276,2014-08-01 22:58:00,40.7539,-73.9975,B02512,0_bus_2602:0,184_subway_A:3
513,1277,2014-08-01 22:58:00,40.7576,-73.9735,B02512,114_bus_M50:1,147_subway_2:1
514,1279,2014-08-01 22:58:00,40.7447,-73.9755,B02512,122_bus_M15:0,40_subway_N:2
515,1280,2014-08-01 22:59:00,40.7554,-73.9728,B02512,114_bus_M50:1,174_subway_R:1
516,1281,2014-08-01 23:00:00,40.7405,-74.0062,B02512,117_bus_M14A_SBS:1,42_subway_Q:1
517,1283,2014-08-01 23:01:00,40.7445,-73.9851,B02512,86_bus_Q32:0,191_subway_C:1
518,1289,2014-08-01 23:06:00,40.7498,-73.9993,B02512,0_bus_2602:0,181_subway_6:3
519,1290,2014-08-01 23:07:00,40.7617,-73.988,B02512,114_bus_M50:1,175_subway_Q:2
520,1291,2014-08-01 23:07:00,40.7506,-73.9874,B02512,120_bus_M34A_SBS:1,34_subway_E:0
521,1293,2014-08-01 23:08:00,40.7531,-73.9783,B02512,89_bus_M42:0,36_subway_E:2
522,1295,2014-08-01 23:08:00,40.7377,-73.99,B02512,152_bus_M15-SBS:1,137_subway_E:4
523,1298,2014-08-01 23:12:00,40.7401,-74.0058,B02512,117_bus_M14A_SBS:1,198_subway_4:4
524,1303,2014-08-01 23:15:00,40.7608,-74.0029,B02512,96_bus_M50:0,183_subway_7:3
525,1304,2014-08-01 23:16:00,40.7381,-73.9879,B02512,152_bus_M15-SBS:1,140_subway_3:0
526,1311,2014-08-01 23:22:00,40.7355,-74.0032,B02512,127_bus_M11:1,36_subway_E:2
527,1312,2014-08-01 23:27:00,40.7506,-73.9744,B02512,116_bus_M42:1,199_subway_4:5
528,1313,2014-08-01 23:29:00,40.7386,-73.9915,B02512,126_bus_M5:1,183_subway_7:3
529,1314,2014-08-01 23:29:00,40.745,-73.9758,B02512,122_bus_M15:0,178_subway_N:5
530,1315,2014-08-01 23:29:00,40.7497,-73.9916,B02512,119_bus_M34_SBS:1,75_train_162:0
531,1316,2014-08-01 23:30:00,40.739,-74.0011,B02512,117_bus_M14A_SBS:1,141_subway_4:2
532,1317,2014-08-01 23:33:00,40.7559,-73.9826,B02512,89_bus_M42:0,130_subway_1:0
533,1318,2014-08-01 23:33:00,40.7352,-74.0068,B02512,127_bus_M11:1,155_subway_2:2
534,1324,2014-08-01 23:36:00,40.7433,-73.9798,B02512,122_bus_M15:0,182_subway_7:2
535,1326,2014-08-01 23:36:00,40.7376,-74.0064,B02512,127_bus_M11:1,42_subway_Q:1
536,1332,2014-08-01 23:45:00,40.7657,-73.9755,B02512,92_bus_M5:0,39_subway_N:1
537,1335,2014-08-01 23:51:00,40.7495,-73.9818,B02512,86_bus_Q32:0,76_train_86:0
538,1342,2014-08-02 00:01:00,40.7402,-74.0058,B02512,117_bus_M14A_SBS:1,60_train_66:0
539,1343,2014-08-02 00:04:00,40.7439,-73.9836,B02512,86_bus_Q32:0,69_train_178:0
540,1344,2014-08-02 00:04:00,40.7422,-74.0042,B02512,117_bus_M14A_SBS:1,42_subway_Q:1
541,1345,2014-08-02 00:05:00,40.7459,-73.9919,B02512,126_bus_M5:1,37_subway_E:3
542,1347,2014-08-02 00:12:00,40.7596,-74.0031,B02512,116_bus_M42:1,20_subway_F:0
543,1349,2014-08-02 00:13:00,40.7438,-73.9837,B02512,86_bus_Q32:0,147_subway_2:1
544,1352,2014-08-02 00:15:00,40.7521,-74.0046,B02512,90_bus_M23_SBS:0,147_subway_2:1
545,1353,2014-08-02 00:16:00,40.7351,-74.0018,B02512,127_bus_M11:1,30_subway_D:0
546,1354,2014-08-02 00:21:00,40.7443,-73.9908,B02512,126_bus_M5:1,159_subway_5:5
547,1356,2014-08-02 00:24:00,40.7431,-74.0045,B02512,117_bus_M14A_SBS:1,138_subway_5:4
548,1358,2014-08-02 00:30:00,40.7592,-73.992,B02512,89_bus_M42:0,173_subway_R:0
549,1359,2014-08-02 00:30:00,40.738,-74.0089,B02512,127_bus_M11:1,147_subway_2:1
550,1361,2014-08-02 00:32:00,40.7598,-73.979,B02512,96_bus_M50:0,147_subway_2:1
551,1362,2014-08-02 00:34:00,40.7404,-74.0079,B02512,127_bus_M11:1,29_subway_A:1
552,1364,2014-08-02 00:39:00,40.7446,-74.0063,B02512,142_bus_M12:1,193_subway_E:5
553,1368,2014-08-02 00:44:00,40.7481,-73.9964,B02512,0_bus_2602:0,154_subway_1:1
554,1369,2014-08-02 00:45:00,40.7501,-74.0025,B02512,90_bus_M23_SBS:0,165_subway_6:1
555,1370,2014-08-02 00:46:00,40.7419,-74.0041,B02512,117_bus_M14A_SBS:1,172_subway_M:1
556,1371,2014-08-02 00:48:00,40.764,-73.9987,B02512,114_bus_M50:1,134_subway_D:4
557,1374,2014-08-02 00:51:00,40.7401,-74.0059,B02512,117_bus_M14A_SBS:1,199_subway_4:5
558,1378,2014-08-02 00:54:00,40.7352,-74.0016,B02512,127_bus_M11:1,171_subway_W:1
559,1380,2014-08-02 00:58:00,40.756,-73.9871,B02512,89_bus_M42:0,168_subway_W:0
560,1382,2014-08-02 01:04:00,40.7402,-74.0034,B02512,117_bus_M14A_SBS:1,158_subway_4:3
561,1383,2014-08-02 01:07:00,40.7608,-73.9864,B02512,114_bus_M50:1,42_subway_Q:1
562,1387,2014-08-02 01:10:00,40.7624,-73.9713,B02512,86_bus_Q32:0,190_subway_F:3
563,1388,2014-08-02 01:11:00,40.7392,-74.0096,B02512,127_bus_M11:1,155_subway_2:2
564,1389,2014-08-02 01:14:00,40.7396,-74.0021,B02512,117_bus_M14A_SBS:1,135_subway_F:2
565,1391,2014-08-02 01:15:00,40.7399,-74.0028,B02512,117_bus_M14A_SBS:1,180_subway_6:2
566,1392,2014-08-02 01:19:00,40.7396,-74.0064,B02512,127_bus_M11:1,131_subway_L:0
567,1395,2014-08-02 01:22:00,40.7404,-74.0079,B02512,127_bus_M11:1,148_subway_HOB–33:1
568,1397,2014-08-02 01:28:00,40.7381,-74.0082,B02512,127_bus_M11:1,42_subway_Q:1
569,1398,2014-08-02 01:29:00,40.7378,-74.0001,B02512,127_bus_M11:1,42_subway_Q:1
570,1401,2014-08-02 01:33:00,40.7508,-73.9944,B02512,0_bus_2602:0,45_train_Hudson:0
571,1403,2014-08-02 01:37:00,40.7386,-74.0082,B02512,127_bus_M11:1,139_subway_2:0
572,1405,2014-08-02 01:47:00,40.7497,-74.0028,B02512,90_bus_M23_SBS:0,32_subway_D:2
573,1407,2014-08-02 01:48:00,40.742,-73.9872,B02512,86_bus_Q32:0,21_subway_F:1
574,1412,2014-08-02 01:58:00,40.7448,-73.9915,B02512,126_bus_M5:1,147_subway_2:1
575,1414,2014-08-02 02:01:00,40.7423,-74.0043,B02512,117_bus_M14A_SBS:1,181_subway_6:3
576,1415,2014-08-02 02:05:00,40.75,-74.0025,B02512,90_bus_M23_SBS:0,72_train_168:0
577,1416,2014-08-02 02:06:00,40.7417,-74.0034,B02512,117_bus_M14A_SBS:1,184_subway_A:3
578,1420,2014-08-02 02:23:00,40.7424,-74.0061,B02512,117_bus_M14A_SBS:1,178_subway_N:5
579,1423,2014-08-02 02:47:00,40.7412,-73.9784,B02512,122_bus_M15:0,65_train_171:0
580,1431,2014-08-02 03:22:00,40.7418,-74.0035,B02512,117_bus_M14A_SBS:1,175_subway_Q:2
581,1433,2014-08-02 03:29:00,40.7419,-74.0035,B02512,117_bus_M14A_SBS:1,154_subway_1:1
582,1435,2014-08-02 03:45:00,40.75,-74.0026,B02512,90_bus_M23_SBS:0,36_subway_E:2
583,1437,2014-08-02 04:00:00,40.7576,-73.9737,B02512,96_bus_M50:0,51_train_2170:0
584,1440,2014-08-02 04:18:00,40.7475,-73.9866,B02512,91_bus_M4:0,168_subway_W:0
585,1442,2014-08-02 04:28:00,40.7596,-73.9731,B02512,86_bus_Q32:0,139_subway_2:0
586,1445,2014-08-02 04:45:00,40.7574,-73.9692,B02512,96_bus_M50:0,28_subway_A:0
587,1452,2014-08-02 05:07:00,40.7653,-73.9714,B02512,86_bus_Q32:0,135_subway_F:2
588,1456,2014-08-02 05:22:00,40.7371,-73.9849,B02512,152_bus_M15-SBS:1,165_subway_6:1
589,1457,2014-08-02 05:40:00,40.75,-73.9843,B02512,86_bus_Q32:0,61_train_96+194:0
590,1470,2014-08-02 06:28:00,40.7604,-73.9866,B02512,114_bus_M50:1,159_subway_5:5
591,1472,2014-08-02 06:45:00,40.746,-74.0052,B02512,90_bus_M23_SBS:0,30_subway_D:0
592,1473,2014-08-02 06:46:00,40.75,-73.9959,B02512,0_bus_2602:0,21_subway_F:1
593,1478,2014-08-02 06:56:00,40.7551,-73.9817,B02512,89_bus_M42:0,27_subway_4:1
594,1479,2014-08-02 07:00:00,40.7581,-73.9655,B02512,122_bus_M15:0,140_subway_3:0
595,1492,2014-08-02 07:38:00,40.7509,-73.9984,B02512,0_bus_2602:0,177_subway_N:4
596,1493,2014-08-02 07:40:00,40.7636,-73.9794,B02512,121_bus_M104:0,130_subway_1:0
597,1496,2014-08-02 07:45:00,40.7352,-73.9936,B02512,152_bus_M15-SBS:1,191_subway_C:1
598,1501,2014-08-02 08:00:00,40.7397,-74.0002,B02512,117_bus_M14A_SBS:1,147_subway_2:1
599,1506,2014-08-02 08:15:00,40.76,-73.9783,B02512,96_bus_M50:0,32_subway_D:2
600,1508,2014-08-02 08:16:00,40.7453,-73.9909,B02512,126_bus_M5:1,165_subway_6:1
601,1513,2014-08-02 08:23:00,40.7648,-73.9756,B02512,92_bus_M5:0,34_subway_E:0
602,1515,2014-08-02 08:28:00,40.7367,-74.0046,B02512,127_bus_M11:1,184_subway_A:3
603,1527,2014-08-02 08:41:00,40.737,-74.0096,B02512,127_bus_M11:1,160_subway_5:6
604,1529,2014-08-02 08:44:00,40.759,-73.9946,B02512,116_bus_M42:1,164_subway_6:0
605,1533,2014-08-02 08:50:00,40.767,-73.9781,B02512,128_bus_M7:1,110_subway_HOB–33:0
606,1536,2014-08-02 08:59:00,40.7493,-73.9922,B02512,0_bus_2602:0,143_train_63:0
607,1540,2014-08-02 09:08:00,40.7635,-73.9807,B02512,128_bus_M7:1,29_subway_A:1
608,1542,2014-08-02 09:10:00,40.7561,-73.9725,B02512,96_bus_M50:0,134_subway_D:4
609,1544,2014-08-02 09:10:00,40.7404,-73.984,B02512,152_bus_M15-SBS:1,148_subway_HOB–33:1
610,1546,2014-08-02 09:13:00,40.7412,-73.9957,B02512,0_bus_2602:0,191_subway_C:1
611,1549,2014-08-02 09:16:00,40.7402,-73.9948,B02512,126_bus_M5:1,64_train_88:0
612,1550,2014-08-02 09:17:00,40.7389,-74.0089,B02512,127_bus_M11:1,33_subway_D:3
613,1551,2014-08-02 09:18:00,40.7579,-73.9892,B02512,89_bus_M42:0,192_subway_D:5
614,1552,2014-08-02 09:18:00,40.7665,-73.9975,B02512,96_bus_M50:0,28_subway_A:0
615,1554,2014-08-02 09:24:00,40.7423,-74.0039,B02512,117_bus_M14A_SBS:1,182_subway_7:2
616,1556,2014-08-02 09:29:00,40.765,-73.9785,B02512,128_bus_M7:1,168_subway_W:0
617,1563,2014-08-02 09:46:00,40.7375,-73.993,B02512,126_bus_M5:1,187_subway_A:6
618,1567,2014-08-02 09:56:00,40.736,-73.9957,B02512,127_bus_M11:1,148_subway_HOB–33:1
619,1568,2014-08-02 09:57:00,40.7376,-74.0033,B02512,127_bus_M11:1,105_train_New_Haven:0
620,1570,2014-08-02 10:00:00,40.7603,-73.976,B02512,86_bus_Q32:0,75_train_162:0
621,1571,2014-08-02 10:00:00,40.7628,-73.9949,B02512,114_bus_M50:1,174_subway_R:1
622,1572,2014-08-02 10:03:00,40.7443,-73.9853,B02512,86_bus_Q32:0,164_subway_6:0
623,1573,2014-08-02 10:03:00,40.7462,-73.9887,B02512,126_bus_M5:1,169_subway_N:3
624,1575,2014-08-02 10:08:00,40.7481,-73.9798,B02512,86_bus_Q32:0,147_subway_2:1
625,1578,2014-08-02 10:13:00,40.7371,-73.997,B02512,127_bus_M11:1,159_subway_5:5
626,1582,2014-08-02 10:25:00,40.7385,-73.9833,B02512,152_bus_M15-SBS:1,28_subway_A:0
627,1583,2014-08-02 10:26:00,40.7435,-73.9727,B02512,153_bus_M15:1,34_subway_E:0
628,1585,2014-08-02 10:27:00,40.746,-73.9924,B02512,126_bus_M5:1,37_subway_E:3
629,1593,2014-08-02 10:36:00,40.7654,-73.9831,B02512,123_bus_M20:0,177_subway_N:4
630,1595,2014-08-02 10:39:00,40.7434,-73.9744,B02512,151_bus_M15-SBS:0,39_subway_N:1
631,1599,2014-08-02 10:46:00,40.7654,-73.9876,B02512,96_bus_M50:0,40_subway_N:2
632,1603,2014-08-02 10:53:00,40.7381,-73.9996,B02512,127_bus_M11:1,177_subway_N:4
633,1604,2014-08-02 10:54:00,40.7559,-73.9717,B02512,114_bus_M50:1,154_subway_1:1
634,1605,2014-08-02 10:55:00,40.7615,-73.9751,B02512,86_bus_Q32:0,197_subway_B:3
635,1606,2014-08-02 10:57:00,40.7485,-73.9827,B02512,86_bus_Q32:0,41_subway_Q:0
636,1608,2014-08-02 11:02:00,40.7399,-74.006,B02512,127_bus_M11:1,74_train_164:0
637,1612,2014-08-02 11:10:00,40.7527,-73.9809,B02512,89_bus_M42:0,137_subway_E:4
638,1613,2014-08-02 11:11:00,40.7502,-73.995,B02512,0_bus_2602:0,38_subway_N:0
639,1615,2014-08-02 11:16:00,40.7521,-73.9953,B02512,0_bus_2602:0,136_subway_C:0
640,1616,2014-08-02 11:18:00,40.7646,-73.9959,B02512,114_bus_M50:1,196_subway_B:2
641,1617,2014-08-02 11:18:00,40.7449,-73.9889,B02512,126_bus_M5:1,59_train_176:0
642,1620,2014-08-02 11:25:00,40.7349,-73.9858,B02512,152_bus_M15-SBS:1,177_subway_N:4
643,1624,2014-08-02 11:27:00,40.7348,-73.9833,B02512,152_bus_M15-SBS:1,199_subway_4:5
644,1626,2014-08-02 11:30:00,40.756,-73.9964,B02512,116_bus_M42:1,172_subway_M:1
645,1630,2014-08-02 11:35:00,40.7444,-74.0004,B02512,117_bus_M14A_SBS:1,155_subway_2:2
646,1631,2014-08-02 11:36:00,40.7475,-73.9742,B02512,122_bus_M15:0,197_subway_B:3
647,1632,2014-08-02 11:38:00,40.7421,-74.0007,B02512,117_bus_M14A_SBS:1,178_subway_N:5
648,1635,2014-08-02 11:41:00,40.7514,-73.9907,B02512,119_bus_M34_SBS:1,34_subway_E:0
649,1642,2014-08-02 11:54:00,40.7481,-73.9744,B02512,122_bus_M15:0,183_subway_7:3
650,1643,2014-08-02 11:54:00,40.7456,-74.0055,B02512,142_bus_M12:1,130_subway_1:0
651,1646,2014-08-02 11:59:00,40.7455,-73.9963,B02512,0_bus_2602:0,26_subway_4:0
652,1650,2014-08-02 12:02:00,40.7387,-73.9853,B02512,152_bus_M15-SBS:1,183_subway_7:3
653,1652,2014-08-02 12:08:00,40.7595,-73.9855,B02512,114_bus_M50:1,134_subway_D:4
654,1657,2014-08-02 12:14:00,40.7529,-73.9696,B02512,122_bus_M15:0,30_subway_D:0
655,1662,2014-08-02 12:22:00,40.7485,-73.9871,B02512,120_bus_M34A_SBS:1,154_subway_1:1
656,1664,2014-08-02 12:28:00,40.7447,-73.9809,B02512,86_bus_Q32:0,172_subway_M:1
657,1665,2014-08-02 12:28:00,40.741,-73.9817,B02512,122_bus_M15:0,30_subway_D:0
658,1668,2014-08-02 12:31:00,40.7495,-73.9717,B02512,116_bus_M42:1,184_subway_A:3
659,1671,2014-08-02 12:39:00,40.7425,-73.9969,B02512,0_bus_2602:0,130_subway_1:0
660,1672,2014-08-02 12:40:00,40.7574,-73.9746,B02512,96_bus_M50:0,199_subway_4:5
661,1674,2014-08-02 12:42:00,40.7601,-73.9672,B02512,86_bus_Q32:0,42_subway_Q:1
662,1675,2014-08-02 12:42:00,40.7487,-74.0064,B02512,90_bus_M23_SBS:0,164_subway_6:0
663,1679,2014-08-02 12:46:00,40.762,-73.9789,B02512,96_bus_M50:0,170_subway_A:2
664,1684,2014-08-02 13:01:00,40.7553,-73.9949,B02512,116_bus_M42:1,147_subway_2:1
665,1685,2014-08-02 13:03:00,40.7414,-73.9795,B02512,152_bus_M15-SBS:1,40_subway_N:2
666,1689,2014-08-02 13:08:00,40.7565,-73.9662,B02512,122_bus_M15:0,162_subway_S:2
667,1690,2014-08-02 13:08:00,40.7359,-74.0053,B02512,127_bus_M11:1,146_train_147:0
668,1692,2014-08-02 13:10:00,40.7602,-73.9988,B02512,116_bus_M42:1,174_subway_R:1
669,1694,2014-08-02 13:12:00,40.7433,-73.977,B02512,122_bus_M15:0,174_subway_R:1
670,1695,2014-08-02 13:12:00,40.7681,-73.9914,B02512,96_bus_M50:0,155_subway_2:2
671,1697,2014-08-02 13:13:00,40.7559,-73.9819,B02512,89_bus_M42:0,135_subway_F:2
672,1704,2014-08-02 13:27:00,40.7392,-73.9827,B02512,152_bus_M15-SBS:1,164_subway_6:0
673,1705,2014-08-02 13:27:00,40.7393,-74.0064,B02512,127_bus_M11:1,181_subway_6:3
674,1707,2014-08-02 13:27:00,40.7371,-74.0031,B02512,127_bus_M11:1,173_subway_R:0
675,1713,2014-08-02 13:37:00,40.739,-74.0008,B02512,117_bus_M14A_SBS:1,191_subway_C:1
676,1716,2014-08-02 13:43:00,40.755,-73.9796,B02512,89_bus_M42:0,132_subway_M:0
677,1718,2014-08-02 13:50:00,40.748,-73.9733,B02512,122_bus_M15:0,173_subway_R:0
678,1720,2014-08-02 13:51:00,40.7614,-73.9681,B02512,86_bus_Q32:0,171_subway_W:1
679,1721,2014-08-02 13:54:00,40.7408,-73.9875,B02512,86_bus_Q32:0,147_subway_2:1
680,1728,2014-08-02 14:02:00,40.7515,-73.9937,B02512,0_bus_2602:0,130_subway_1:0
681,1730,2014-08-02 14:05:00,40.7374,-73.9881,B02512,152_bus_M15-SBS:1,180_subway_6:2
682,1733,2014-08-02 14:09:00,40.75,-73.9878,B02512,119_bus_M34_SBS:1,135_subway_F:2
683,1735,2014-08-02 14:13:00,40.7375,-74.0044,B02512,127_bus_M11:1,185_subway_A:4
684,1738,2014-08-02 14:17:00,40.7416,-74.0036,B02512,117_bus_M14A_SBS:1,193_subway_E:5
685,1740,2014-08-02 14:22:00,40.7472,-73.9895,B02512,126_bus_M5:1,20_subway_F:0
686,1744,2014-08-02 14:25:00,40.7626,-74.0012,B02512,96_bus_M50:0,133_subway_B:0
687,1750,2014-08-02 14:29:00,40.763,-73.9815,B02512,128_bus_M7:1,158_subway_4:3
688,1756,2014-08-02 14:34:00,40.7653,-73.9767,B02512,92_bus_M5:0,108_train_Morristown:0
689,1757,2014-08-02 14:35:00,40.7519,-73.9936,B02512,0_bus_2602:0,130_subway_1:0
690,1758,2014-08-02 14:36:00,40.7417,-73.9898,B02512,126_bus_M5:1,49_train_2167:0
691,1763,2014-08-02 14:40:00,40.7483,-73.9761,B02512,122_bus_M15:0,193_subway_E:5
692,1765,2014-08-02 14:41:00,40.7418,-73.9974,B02512,117_bus_M14A_SBS:1,81_train_165:0
693,1771,2014-08-02 14:47:00,40.7559,-73.9828,B02512,89_bus_M42:0,23_subway_5:1
694,1772,2014-08-02 14:48:00,40.7555,-73.9807,B02512,89_bus_M42:0,23_subway_5:1
695,1773,2014-08-02 14:48:00,40.7418,-73.9974,B02512,117_bus_M14A_SBS:1,199_subway_4:5
696,1775,2014-08-02 14:50:00,40.7479,-74.0027,B02512,90_bus_M23_SBS:0,181_subway_6:3
697,1782,2014-08-02 14:55:00,40.7505,-73.972,B02512,89_bus_M42:0,199_subway_4:5
698,1786,2014-08-02 14:57:00,40.7641,-73.9734,B02512,86_bus_Q32:0,168_subway_W:0
699,1787,2014-08-02 14:59:00,40.7628,-73.9677,B02512,86_bus_Q32:0,38_subway_N:0
700,1791,2014-08-02 15:06:00,40.7433,-73.9724,B02512,153_bus_M15:1,81_train_165:0
701,1796,2014-08-02 15:15:00,40.7525,-73.9961,B02512,0_bus_2602:0,193_subway_E:5
702,1804,2014-08-02 15:26:00,40.7647,-73.9831,B02512,121_bus_M104:0,147_subway_2:1
703,1807,2014-08-02 15:29:00,40.7647,-73.9712,B02512,86_bus_Q32:0,178_subway_N:5
704,1809,2014-08-02 15:30:00,40.7558,-73.9739,B02512,114_bus_M50:1,171_subway_W:1
705,1812,2014-08-02 15:36:00,40.7637,-73.981,B02512,128_bus_M7:1,159_subway_5:5
706,1818,2014-08-02 15:41:00,40.7552,-74.0025,B02512,116_bus_M42:1,185_subway_A:4
707,1822,2014-08-02 15:43:00,40.7596,-73.9891,B02512,89_bus_M42:0,130_subway_1:0
708,1828,2014-08-02 15:54:00,40.7504,-73.9867,B02512,120_bus_M34A_SBS:1,41_subway_Q:0
709,1830,2014-08-02 15:59:00,40.7609,-73.9745,B02512,86_bus_Q32:0,143_train_63:0
710,1832,2014-08-02 16:01:00,40.7551,-73.9775,B02512,86_bus_Q32:0,140_subway_3:0
711,1835,2014-08-02 16:03:00,40.7562,-73.9829,B02512,89_bus_M42:0,171_subway_W:1
712,1839,2014-08-02 16:04:00,40.7587,-73.966,B02512,122_bus_M15:0,188_subway_A:7
713,1845,2014-08-02 16:09:00,40.7519,-73.9936,B02512,0_bus_2602:0,29_subway_A:1
714,1847,2014-08-02 16:11:00,40.7621,-73.9664,B02512,86_bus_Q32:0,36_subway_E:2
715,1853,2014-08-02 16:16:00,40.7642,-73.9958,B02512,114_bus_M50:1,181_subway_6:3
716,1856,2014-08-02 16:17:00,40.7628,-73.9744,B02512,86_bus_Q32:0,199_subway_4:5
717,1857,2014-08-02 16:20:00,40.7511,-74.003,B02512,90_bus_M23_SBS:0,158_subway_4:3
718,1858,2014-08-02 16:20:00,40.7566,-73.9728,B02512,114_bus_M50:1,27_subway_4:1
719,1862,2014-08-02 16:22:00,40.7625,-73.967,B02512,86_bus_Q32:0,180_subway_6:2
720,1863,2014-08-02 16:24:00,40.742,-73.9965,B02512,0_bus_2602:0,40_subway_N:2
721,1866,2014-08-02 16:26:00,40.7496,-74.0046,B02512,90_bus_M23_SBS:0,51_train_2170:0
722,1867,2014-08-02 16:26:00,40.7483,-74.0058,B02512,90_bus_M23_SBS:0,164_subway_6:0
723,1868,2014-08-02 16:29:00,40.7655,-73.966,B02512,97_bus_M66:0,178_subway_N:5
724,1869,2014-08-02 16:29:00,40.7612,-74.0002,B02512,116_bus_M42:1,132_subway_M:0
725,1870,2014-08-02 16:34:00,40.7472,-73.9928,B02512,0_bus_2602:0,28_subway_A:0
726,1877,2014-08-02 16:40:00,40.766,-73.9651,B02512,97_bus_M66:0,34_subway_E:0
727,1878,2014-08-02 16:40:00,40.7482,-74.005,B02512,90_bus_M23_SBS:0,35_subway_E:1
728,1882,2014-08-02 16:43:00,40.7644,-73.9791,B02512,121_bus_M104:0,42_subway_Q:1
729,1883,2014-08-02 16:43:00,40.7474,-74.0027,B02512,90_bus_M23_SBS:0,174_subway_R:1
730,1886,2014-08-02 16:45:00,40.7465,-73.9723,B02512,122_bus_M15:0,39_subway_N:1
731,1889,2014-08-02 16:47:00,40.7666,-73.9826,B02512,95_bus_M57:0,32_subway_D:2
732,1891,2014-08-02 16:50:00,40.7572,-73.9889,B02512,89_bus_M42:0,72_train_168:0
733,1892,2014-08-02 16:50:00,40.7572,-73.9889,B02512,89_bus_M42:0,191_subway_C:1
734,1894,2014-08-02 16:54:00,40.7443,-73.9902,B02512,126_bus_M5:1,24_subway_5:2
735,1895,2014-08-02 16:55:00,40.7396,-73.9827,B02512,152_bus_M15-SBS:1,23_subway_5:1
736,1898,2014-08-02 16:57:00,40.766,-73.991,B02512,96_bus_M50:0,39_subway_N:1
737,1899,2014-08-02 16:57:00,40.7544,-73.9846,B02512,89_bus_M42:0,173_subway_R:0
738,1905,2014-08-02 17:02:00,40.7409,-74.005,B02512,117_bus_M14A_SBS:1,155_subway_2:2
739,1912,2014-08-02 17:08:00,40.7651,-73.9723,B02512,86_bus_Q32:0,24_subway_5:2
740,1916,2014-08-02 17:12:00,40.7581,-73.9752,B02512,96_bus_M50:0,23_subway_5:1
741,1918,2014-08-02 17:17:00,40.7603,-73.9934,B02512,116_bus_M42:1,36_subway_E:2
742,1920,2014-08-02 17:19:00,40.735,-73.9953,B02512,127_bus_M11:1,59_train_176:0
743,1922,2014-08-02 17:22:00,40.7354,-73.9961,B02512,127_bus_M11:1,32_subway_D:2
744,1924,2014-08-02 17:25:00,40.7404,-74.0057,B02512,117_bus_M14A_SBS:1,79_train_173:0
745,1939,2014-08-02 17:35:00,40.7358,-74.0018,B02512,127_bus_M11:1,22_subway_5:0
746,1940,2014-08-02 17:36:00,40.7409,-74.0076,B02512,142_bus_M12:1,185_subway_A:4
747,1942,2014-08-02 17:39:00,40.7417,-73.9992,B02512,117_bus_M14A_SBS:1,37_subway_E:3
748,1943,2014-08-02 17:39:00,40.7356,-74.0005,B02512,127_bus_M11:1,181_subway_6:3
749,1946,2014-08-02 17:42:00,40.7435,-73.9817,B02512,86_bus_Q32:0,193_subway_E:5
750,1947,2014-08-02 17:43:00,40.7563,-73.9832,B02512,89_bus_M42:0,183_subway_7:3
751,1951,2014-08-02 17:48:00,40.7367,-74.002,B02512,127_bus_M11:1,137_subway_E:4
752,1952,2014-08-02 17:48:00,40.7567,-73.9741,B02512,114_bus_M50:1,172_subway_M:1
753,1955,2014-08-02 17:51:00,40.7444,-73.9983,B02512,0_bus_2602:0,158_subway_4:3
754,1970,2014-08-02 18:03:00,40.7365,-73.997,B02512,127_bus_M11:1,164_subway_6:0
755,1971,2014-08-02 18:04:00,40.7504,-73.9865,B02512,120_bus_M34A_SBS:1,198_subway_4:4
756,1975,2014-08-02 18:07:00,40.7612,-73.9751,B02512,86_bus_Q32:0,55_train_146:0
757,1982,2014-08-02 18:13:00,40.7382,-74.0075,B02512,127_bus_M11:1,179_subway_L:1
758,1983,2014-08-02 18:14:00,40.7636,-73.9674,B02512,86_bus_Q32:0,174_subway_R:1
759,1984,2014-08-02 18:14:00,40.7482,-74.005,B02512,90_bus_M23_SBS:0,38_subway_N:0
760,1991,2014-08-02 18:21:00,40.7577,-73.9908,B02512,89_bus_M42:0,47_train_54:0
761,1992,2014-08-02 18:21:00,40.7487,-73.976,B02512,122_bus_M15:0,32_subway_D:2
762,1994,2014-08-02 18:21:00,40.7399,-74.0061,B02512,127_bus_M11:1,135_subway_F:2
763,1997,2014-08-02 18:22:00,40.7569,-73.9929,B02512,89_bus_M42:0,147_subway_2:1
764,2001,2014-08-02 18:24:00,40.74,-73.9949,B02512,126_bus_M5:1,21_subway_F:1
765,2002,2014-08-02 18:25:00,40.7658,-73.9693,B02512,86_bus_Q32:0,20_subway_F:0
766,2003,2014-08-02 18:25:00,40.749,-73.976,B02512,89_bus_M42:0,106_train_56:0
767,2004,2014-08-02 18:27:00,40.7382,-74.0054,B02512,127_bus_M11:1,199_subway_4:5
768,2008,2014-08-02 18:30:00,40.7618,-73.9682,B02512,86_bus_Q32:0,172_subway_M:1
769,2010,2014-08-02 18:31:00,40.7495,-73.9835,B02512,86_bus_Q32:0,168_subway_W:0
770,2017,2014-08-02 18:41:00,40.7642,-73.9731,B02512,86_bus_Q32:0,197_subway_B:3
771,2019,2014-08-02 18:43:00,40.7645,-73.9738,B02512,86_bus_Q32:0,136_subway_C:0
772,2024,2014-08-02 18:47:00,40.7657,-73.9765,B02512,92_bus_M5:0,40_subway_N:2
773,2027,2014-08-02 18:48:00,40.755,-73.9728,B02512,114_bus_M50:1,39_subway_N:1
774,2028,2014-08-02 18:48:00,40.7398,-73.9854,B02512,152_bus_M15-SBS:1,57_train_157:0
775,2033,2014-08-02 18:52:00,40.7471,-73.9736,B02512,122_bus_M15:0,131_subway_L:0
776,2036,2014-08-02 18:54:00,40.7422,-74.0043,B02512,117_bus_M14A_SBS:1,34_subway_E:0
777,2037,2014-08-02 18:55:00,40.7611,-73.9698,B02512,86_bus_Q32:0,172_subway_M:1
778,2038,2014-08-02 18:56:00,40.7543,-73.972,B02512,114_bus_M50:1,61_train_96+194:0
779,2039,2014-08-02 18:57:00,40.7457,-73.9997,B02512,0_bus_2602:0,164_subway_6:0
780,2040,2014-08-02 18:57:00,40.7434,-73.9846,B02512,86_bus_Q32:0,159_subway_5:5
781,2041,2014-08-02 18:59:00,40.7419,-73.9748,B02512,151_bus_M15-SBS:0,17_subway_JSQ–33_via_HOB:1
782,2042,2014-08-02 18:59:00,40.7645,-73.9772,B02512,128_bus_M7:1,147_subway_2:1
783,2044,2014-08-02 19:02:00,40.741,-73.9943,B02512,126_bus_M5:1,27_subway_4:1
784,2048,2014-08-02 19:09:00,40.7561,-73.9694,B02512,96_bus_M50:0,171_subway_W:1
785,2051,2014-08-02 19:12:00,40.7521,-73.9686,B02512,122_bus_M15:0,36_subway_E:2
786,2052,2014-08-02 19:12:00,40.7521,-73.9686,B02512,122_bus_M15:0,175_subway_Q:2
787,2054,2014-08-02 19:14:00,40.746,-74.0053,B02512,90_bus_M23_SBS:0,25_subway_5:3
788,2055,2014-08-02 19:15:00,40.743,-73.9921,B02512,126_bus_M5:1,173_subway_R:0
789,2059,2014-08-02 19:19:00,40.7434,-73.9727,B02512,153_bus_M15:1,41_subway_Q:0
790,2060,2014-08-02 19:20:00,40.7606,-74.0029,B02512,96_bus_M50:0,155_subway_2:2
791,2062,2014-08-02 19:21:00,40.736,-74.0051,B02512,127_bus_M11:1,20_subway_F:0
792,2064,2014-08-02 19:24:00,40.7447,-73.9913,B02512,126_bus_M5:1,172_subway_M:1
793,2072,2014-08-02 19:32:00,40.7353,-74.0098,B02512,127_bus_M11:1,165_subway_6:1
794,2075,2014-08-02 19:34:00,40.7562,-73.9677,B02512,122_bus_M15:0,147_subway_2:1
795,2078,2014-08-02 19:36:00,40.742,-74.0039,B02512,117_bus_M14A_SBS:1,35_subway_E:1
796,2082,2014-08-02 19:38:00,40.7548,-73.9783,B02512,86_bus_Q32:0,193_subway_E:5
797,2084,2014-08-02 19:39:00,40.7599,-73.9749,B02512,86_bus_Q32:0,172_subway_M:1
798,2087,2014-08-02 19:43:00,40.7506,-73.9985,B02512,0_bus_2602:0,133_subway_B:0
799,2091,2014-08-02 19:45:00,40.7516,-74.0077,B02512,90_bus_M23_SBS:0,167_subway_7:1
800,2096,2014-08-02 19:48:00,40.7389,-73.9875,B02512,152_bus_M15-SBS:1,130_subway_1:0
801,2100,2014-08-02 19:53:00,40.753,-74.004,B02512,90_bus_M23_SBS:0,176_subway_Q:3
802,2102,2014-08-02 19:54:00,40.7376,-73.9991,B02512,127_bus_M11:1,168_subway_W:0
803,2103,2014-08-02 19:55:00,40.7411,-74.0074,B02512,142_bus_M12:1,42_subway_Q:1
804,2108,2014-08-02 20:00:00,40.7578,-73.9861,B02512,89_bus_M42:0,38_subway_N:0
805,2112,2014-08-02 20:02:00,40.7447,-73.9887,B02512,126_bus_M5:1,134_subway_D:4
806,2114,2014-08-02 20:02:00,40.7483,-74.0053,B02512,90_bus_M23_SBS:0,185_subway_A:4
807,2116,2014-08-02 20:04:00,40.7385,-73.9737,B02512,151_bus_M15-SBS:0,155_subway_2:2
808,2122,2014-08-02 20:14:00,40.767,-73.9845,B02512,95_bus_M57:0,34_subway_E:0
809,2124,2014-08-02 20:16:00,40.7408,-74.0076,B02512,142_bus_M12:1,174_subway_R:1
810,2125,2014-08-02 20:17:00,40.7656,-73.9802,B02512,95_bus_M57:0,154_subway_1:1
811,2129,2014-08-02 20:21:00,40.7571,-73.967,B02512,122_bus_M15:0,181_subway_6:3
812,2130,2014-08-02 20:22:00,40.7584,-73.9713,B02512,96_bus_M50:0,177_subway_N:4
813,2135,2014-08-02 20:24:00,40.7551,-73.9835,B02512,89_bus_M42:0,134_subway_D:4
814,2136,2014-08-02 20:25:00,40.7673,-73.9844,B02512,95_bus_M57:0,42_subway_Q:1
815,2138,2014-08-02 20:25:00,40.7448,-73.9889,B02512,126_bus_M5:1,21_subway_F:1
816,2145,2014-08-02 20:31:00,40.7394,-74.0067,B02512,127_bus_M11:1,197_subway_B:3
817,2146,2014-08-02 20:33:00,40.7504,-73.9835,B02512,86_bus_Q32:0,147_subway_2:1
818,2151,2014-08-02 20:39:00,40.7607,-73.9898,B02512,114_bus_M50:1,106_train_56:0
819,2152,2014-08-02 20:41:00,40.7391,-73.9874,B02512,152_bus_M15-SBS:1,181_subway_6:3
820,2154,2014-08-02 20:43:00,40.742,-74.0046,B02512,117_bus_M14A_SBS:1,65_train_171:0
821,2156,2014-08-02 20:43:00,40.7467,-74.0083,B02512,90_bus_M23_SBS:0,164_subway_6:0
822,2157,2014-08-02 20:43:00,40.7467,-74.0083,B02512,90_bus_M23_SBS:0,34_subway_E:0
823,2162,2014-08-02 20:47:00,40.7473,-74.0045,B02512,90_bus_M23_SBS:0,40_subway_N:2
824,2163,2014-08-02 20:48:00,40.761,-73.9887,B02512,114_bus_M50:1,139_subway_2:0
825,2167,2014-08-02 20:52:00,40.7521,-73.9779,B02512,89_bus_M42:0,21_subway_F:1
826,2168,2014-08-02 20:52:00,40.7496,-73.9789,B02512,86_bus_Q32:0,198_subway_4:4
827,2170,2014-08-02 20:54:00,40.7676,-73.9915,B02512,96_bus_M50:0,199_subway_4:5
828,2179,2014-08-02 21:00:00,40.7561,-74.0026,B02512,116_bus_M42:1,134_subway_D:4
829,2182,2014-08-02 21:00:00,40.7572,-73.9881,B02512,89_bus_M42:0,38_subway_N:0
830,2183,2014-08-02 21:01:00,40.7608,-73.977,B02512,96_bus_M50:0,18_subway_S:0
831,2188,2014-08-02 21:05:00,40.7603,-74.0027,B02512,116_bus_M42:1,56_train_140:0
832,2189,2014-08-02 21:06:00,40.7644,-73.9687,B02512,86_bus_Q32:0,156_subway_2:3
833,2191,2014-08-02 21:10:00,40.7589,-73.9687,B02512,122_bus_M15:0,21_subway_F:1
834,2192,2014-08-02 21:10:00,40.7591,-73.9921,B02512,89_bus_M42:0,36_subway_E:2
835,2193,2014-08-02 21:11:00,40.7404,-74.0,B02512,117_bus_M14A_SBS:1,197_subway_B:3
836,2196,2014-08-02 21:15:00,40.7385,-73.9874,B02512,152_bus_M15-SBS:1,40_subway_N:2
837,2197,2014-08-02 21:16:00,40.737,-74.0036,B02512,127_bus_M11:1,37_subway_E:3
838,2198,2014-08-02 21:16:00,40.7408,-74.0073,B02512,117_bus_M14A_SBS:1,36_subway_E:2
839,2201,2014-08-02 21:19:00,40.7546,-73.9863,B02512,89_bus_M42:0,41_subway_Q:0
840,2208,2014-08-02 21:28:00,40.7405,-74.0064,B02512,117_bus_M14A_SBS:1,168_subway_W:0
841,2212,2014-08-02 21:33:00,40.7608,-73.999,B02512,116_bus_M42:1,27_subway_4:1
842,2213,2014-08-02 21:35:00,40.7438,-73.9907,B02512,126_bus_M5:1,171_subway_W:1
843,2214,2014-08-02 21:36:00,40.7559,-73.969,B02512,96_bus_M50:0,198_subway_4:4
844,2216,2014-08-02 21:37:00,40.7538,-73.9973,B02512,0_bus_2602:0,50_train_2165:0
845,2218,2014-08-02 21:37:00,40.7412,-73.9983,B02512,117_bus_M14A_SBS:1,181_subway_6:3
846,2219,2014-08-02 21:38:00,40.7446,-73.9854,B02512,86_bus_Q32:0,155_subway_2:2
847,2220,2014-08-02 21:38:00,40.7383,-74.0013,B02512,127_bus_M11:1,40_subway_N:2
848,2221,2014-08-02 21:38:00,40.7445,-74.0029,B02512,117_bus_M14A_SBS:1,40_subway_N:2
849,2224,2014-08-02 21:40:00,40.7363,-74.0013,B02512,127_bus_M11:1,55_train_146:0
850,2227,2014-08-02 21:43:00,40.7373,-73.9969,B02512,127_bus_M11:1,132_subway_M:0
851,2232,2014-08-02 21:47:00,40.7632,-73.9851,B02512,96_bus_M50:0,155_subway_2:2
852,2234,2014-08-02 21:48:00,40.735,-73.9985,B02512,127_bus_M11:1,191_subway_C:1
853,2250,2014-08-02 22:00:00,40.75,-73.9914,B02512,119_bus_M34_SBS:1,113_train_North_Jersey_Coast:0
854,2251,2014-08-02 22:00:00,40.7641,-73.9883,B02512,96_bus_M50:0,40_subway_N:2
855,2254,2014-08-02 22:01:00,40.7367,-73.9733,B02512,151_bus_M15-SBS:0,39_subway_N:1
856,2259,2014-08-02 22:08:00,40.7551,-73.995,B02512,116_bus_M42:1,36_subway_E:2
857,2261,2014-08-02 22:08:00,40.755,-73.9669,B02512,151_bus_M15-SBS:0,42_subway_Q:1
858,2263,2014-08-02 22:09:00,40.7644,-73.989,B02512,96_bus_M50:0,42_subway_Q:1
859,2265,2014-08-02 22:12:00,40.7356,-73.9793,B02512,152_bus_M15-SBS:1,34_subway_E:0
860,2266,2014-08-02 22:12:00,40.7479,-74.0005,B02512,0_bus_2602:0,178_subway_N:5
861,2270,2014-08-02 22:15:00,40.7356,-74.0078,B02512,127_bus_M11:1,76_train_86:0
862,2271,2014-08-02 22:17:00,40.7568,-73.9691,B02512,96_bus_M50:0,135_subway_F:2
863,2272,2014-08-02 22:17:00,40.7522,-73.9934,B02512,0_bus_2602:0,31_subway_D:1
864,2274,2014-08-02 22:18:00,40.7462,-73.9944,B02512,0_bus_2602:0,186_subway_A:5
865,2276,2014-08-02 22:18:00,40.7638,-73.9736,B02512,86_bus_Q32:0,39_subway_N:1
866,2278,2014-08-02 22:19:00,40.7366,-73.9877,B02512,152_bus_M15-SBS:1,166_subway_7:0
867,2285,2014-08-02 22:25:00,40.7381,-73.9889,B02512,152_bus_M15-SBS:1,48_train_57:0
868,2286,2014-08-02 22:25:00,40.7594,-73.9783,B02512,114_bus_M50:1,178_subway_N:5
869,2291,2014-08-02 22:28:00,40.7388,-73.9942,B02512,126_bus_M5:1,178_subway_N:5
870,2299,2014-08-02 22:33:00,40.7511,-74.0042,B02512,90_bus_M23_SBS:0,175_subway_Q:2
871,2300,2014-08-02 22:34:00,40.7565,-73.9704,B02512,96_bus_M50:0,172_subway_M:1
872,2303,2014-08-02 22:34:00,40.7375,-73.9856,B02512,152_bus_M15-SBS:1,22_subway_5:0
873,2307,2014-08-02 22:37:00,40.7517,-74.0076,B02512,90_bus_M23_SBS:0,154_subway_1:1
874,2308,2014-08-02 22:37:00,40.7406,-73.9758,B02512,151_bus_M15-SBS:0,158_subway_4:3
875,2309,2014-08-02 22:38:00,40.7663,-73.9915,B02512,96_bus_M50:0,181_subway_6:3
876,2313,2014-08-02 22:40:00,40.7507,-73.9829,B02512,86_bus_Q32:0,154_subway_1:1
877,2315,2014-08-02 22:41:00,40.744,-73.9891,B02512,126_bus_M5:1,179_subway_L:1
878,2317,2014-08-02 22:43:00,40.744,-74.0068,B02512,142_bus_M12:1,201_subway_3:3
879,2318,2014-08-02 22:43:00,40.744,-74.0068,B02512,142_bus_M12:1,20_subway_F:0
880,2319,2014-08-02 22:44:00,40.7363,-73.9988,B02512,127_bus_M11:1,179_subway_L:1
881,2321,2014-08-02 22:48:00,40.7528,-73.9706,B02512,122_bus_M15:0,159_subway_5:5
882,2322,2014-08-02 22:48:00,40.7652,-73.9793,B02512,128_bus_M7:1,155_subway_2:2
883,2327,2014-08-02 22:56:00,40.7624,-73.972,B02512,86_bus_Q32:0,148_subway_HOB–33:1
884,2334,2014-08-02 23:01:00,40.7472,-73.9853,B02512,86_bus_Q32:0,172_subway_M:1
885,2337,2014-08-02 23:04:00,40.7539,-73.9913,B02512,89_bus_M42:0,136_subway_C:0
886,2338,2014-08-02 23:04:00,40.7369,-74.0014,B02512,127_bus_M11:1,160_subway_5:6
887,2342,2014-08-02 23:06:00,40.7541,-73.9774,B02512,86_bus_Q32:0,137_subway_E:4
888,2352,2014-08-02 23:15:00,40.7394,-73.9879,B02512,152_bus_M15-SBS:1,17_subway_JSQ–33_via_HOB:1
889,2354,2014-08-02 23:15:00,40.7401,-73.9991,B02512,117_bus_M14A_SBS:1,69_train_178:0
890,2357,2014-08-02 23:17:00,40.7482,-73.9849,B02512,86_bus_Q32:0,21_subway_F:1
891,2358,2014-08-02 23:17:00,40.7482,-73.9849,B02512,86_bus_Q32:0,34_subway_E:0
892,2360,2014-08-02 23:21:00,40.744,-73.9737,B02512,151_bus_M15-SBS:0,198_subway_4:4
893,2366,2014-08-02 23:25:00,40.7578,-73.9714,B02512,96_bus_M50:0,69_train_178:0
894,2370,2014-08-02 23:30:00,40.7381,-74.0096,B02512,127_bus_M11:1,174_subway_R:1
895,2382,2014-08-02 23:43:00,40.7659,-73.9889,B02512,96_bus_M50:0,174_subway_R:1
896,2387,2014-08-02 23:46:00,40.7573,-73.9886,B02512,89_bus_M42:0,186_subway_A:5
897,2388,2014-08-02 23:47:00,40.7536,-73.9808,B02512,89_bus_M42:0,161_subway_5:7
898,2391,2014-08-02 23:49:00,40.7404,-74.006,B02512,117_bus_M14A_SBS:1,167_subway_7:1
899,2392,2014-08-02 23:49:00,40.7404,-74.006,B02512,117_bus_M14A_SBS:1,42_subway_Q:1
900,2397,2014-08-02 23:53:00,40.7429,-74.006,B02512,117_bus_M14A_SBS:1,180_subway_6:2
901,2401,2014-08-02 23:56:00,40.7394,-74.0079,B02512,127_bus_M11:1,173_subway_R:0
902,2406,2014-08-03 00:06:00,40.7567,-73.9887,B02512,89_bus_M42:0,174_subway_R:1
903,2415,2014-08-03 00:17:00,40.7593,-73.9956,B02512,116_bus_M42:1,190_subway_F:3
904,2420,2014-08-03 00:26:00,40.7417,-74.0068,B02512,117_bus_M14A_SBS:1,193_subway_E:5
905,2426,2014-08-03 00:37:00,40.7398,-74.0054,B02512,127_bus_M11:1,183_subway_7:3
906,2438,2014-08-03 00:50:00,40.7405,-74.0081,B02512,142_bus_M12:1,24_subway_5:2
907,2439,2014-08-03 00:50:00,40.7405,-74.0081,B02512,142_bus_M12:1,36_subway_E:2
908,2440,2014-08-03 00:51:00,40.7424,-74.0004,B02512,117_bus_M14A_SBS:1,173_subway_R:0
909,2442,2014-08-03 00:53:00,40.7405,-74.0079,B02512,142_bus_M12:1,75_train_162:0
910,2444,2014-08-03 00:54:00,40.7406,-74.0064,B02512,117_bus_M14A_SBS:1,42_subway_Q:1
911,2447,2014-08-03 00:59:00,40.7474,-73.9851,B02512,86_bus_Q32:0,146_train_147:0
912,2452,2014-08-03 01:03:00,40.742,-74.004,B02512,117_bus_M14A_SBS:1,199_subway_4:5
913,2454,2014-08-03 01:05:00,40.764,-73.9978,B02512,142_bus_M12:1,48_train_57:0
914,2455,2014-08-03 01:05:00,40.7406,-74.0086,B02512,142_bus_M12:1,154_subway_1:1
915,2456,2014-08-03 01:06:00,40.7651,-73.982,B02512,123_bus_M20:0,154_subway_1:1
916,2458,2014-08-03 01:11:00,40.742,-74.0041,B02512,117_bus_M14A_SBS:1,155_subway_2:2
917,2461,2014-08-03 01:17:00,40.7402,-74.0058,B02512,117_bus_M14A_SBS:1,175_subway_Q:2
918,2464,2014-08-03 01:21:00,40.7467,-73.9901,B02512,126_bus_M5:1,177_subway_N:4
919,2468,2014-08-03 01:24:00,40.7578,-73.9857,B02512,89_bus_M42:0,35_subway_E:1
920,2470,2014-08-03 01:26:00,40.7477,-73.9767,B02512,122_bus_M15:0,199_subway_4:5
921,2471,2014-08-03 01:30:00,40.7427,-74.0056,B02512,117_bus_M14A_SBS:1,190_subway_F:3
922,2472,2014-08-03 01:30:00,40.7427,-74.0056,B02512,117_bus_M14A_SBS:1,191_subway_C:1
923,2477,2014-08-03 01:36:00,40.7522,-73.9895,B02512,86_bus_Q32:0,30_subway_D:0
924,2479,2014-08-03 01:37:00,40.7594,-73.9875,B02512,114_bus_M50:1,32_subway_D:2
925,2482,2014-08-03 01:49:00,40.742,-74.0038,B02512,117_bus_M14A_SBS:1,138_subway_5:4
926,2484,2014-08-03 01:50:00,40.7629,-73.9969,B02512,142_bus_M12:1,23_subway_5:1
927,2486,2014-08-03 01:56:00,40.7458,-73.9853,B02512,86_bus_Q32:0,180_subway_6:2
928,2491,2014-08-03 02:01:00,40.7508,-74.0036,B02512,90_bus_M23_SBS:0,180_subway_6:2
929,2495,2014-08-03 02:18:00,40.74,-74.0059,B02512,117_bus_M14A_SBS:1,193_subway_E:5
930,2497,2014-08-03 02:24:00,40.7591,-73.9958,B02512,116_bus_M42:1,28_subway_A:0
931,2501,2014-08-03 02:32:00,40.7648,-73.9962,B02512,114_bus_M50:1,193_subway_E:5
932,2503,2014-08-03 02:40:00,40.748,-73.9731,B02512,122_bus_M15:0,68_train_93:0
933,2511,2014-08-03 02:56:00,40.7458,-73.9865,B02512,86_bus_Q32:0,138_subway_5:4
934,2514,2014-08-03 03:08:00,40.7363,-74.0033,B02512,127_bus_M11:1,179_subway_L:1
935,2518,2014-08-03 03:30:00,40.7381,-73.9875,B02512,152_bus_M15-SBS:1,43_train_Harlem:0
936,2522,2014-08-03 03:36:00,40.7364,-73.9847,B02512,152_bus_M15-SBS:1,190_subway_F:3
937,2523,2014-08-03 03:38:00,40.7408,-74.0076,B02512,142_bus_M12:1,155_subway_2:2
938,2524,2014-08-03 03:39:00,40.7643,-73.9827,B02512,121_bus_M104:0,35_subway_E:1
939,2526,2014-08-03 03:44:00,40.7518,-73.976,B02512,89_bus_M42:0,199_subway_4:5
940,2527,2014-08-03 03:50:00,40.7627,-73.9719,B02512,86_bus_Q32:0,166_subway_7:0
941,2528,2014-08-03 03:58:00,40.7515,-74.0037,B02512,90_bus_M23_SBS:0,40_subway_N:2
942,2540,2014-08-03 05:03:00,40.7554,-73.9949,B02512,116_bus_M42:1,187_subway_A:6
943,2548,2014-08-03 05:36:00,40.7452,-73.9938,B02512,0_bus_2602:0,165_subway_6:1
944,2552,2014-08-03 05:52:00,40.7413,-73.9977,B02512,117_bus_M14A_SBS:1,199_subway_4:5
945,2553,2014-08-03 05:57:00,40.7614,-73.9867,B02512,114_bus_M50:1,168_subway_W:0
946,2555,2014-08-03 06:04:00,40.7412,-73.9879,B02512,126_bus_M5:1,162_subway_S:2
947,2556,2014-08-03 06:06:00,40.7584,-73.9671,B02512,122_bus_M15:0,164_subway_6:0
948,2557,2014-08-03 06:12:00,40.7417,-73.993,B02512,126_bus_M5:1,20_subway_F:0
949,2558,2014-08-03 06:21:00,40.7543,-73.9979,B02512,0_bus_2602:0,173_subway_R:0
950,2559,2014-08-03 06:26:00,40.7634,-73.9652,B02512,98_bus_M101:0,171_subway_W:1
951,2567,2014-08-03 06:48:00,40.758,-73.9706,B02512,96_bus_M50:0,158_subway_4:3
952,2573,2014-08-03 07:03:00,40.7655,-73.968,B02512,86_bus_Q32:0,175_subway_Q:2
953,2574,2014-08-03 07:09:00,40.7352,-73.9984,B02512,127_bus_M11:1,166_subway_7:0
954,2577,2014-08-03 07:20:00,40.7602,-73.9675,B02512,86_bus_Q32:0,168_subway_W:0
955,2578,2014-08-03 07:20:00,40.7639,-73.9794,B02512,121_bus_M104:0,191_subway_C:1
956,2579,2014-08-03 07:21:00,40.7517,-73.9856,B02512,86_bus_Q32:0,157_subway_3:1
957,2580,2014-08-03 07:27:00,40.7603,-73.9671,B02512,86_bus_Q32:0,199_subway_4:5
958,2583,2014-08-03 07:28:00,40.7598,-73.9708,B02512,86_bus_Q32:0,54_train_148:0
959,2585,2014-08-03 07:32:00,40.7488,-73.9895,B02512,86_bus_Q32:0,147_subway_2:1
960,2586,2014-08-03 07:33:00,40.7571,-73.9742,B02512,96_bus_M50:0,178_subway_N:5
961,2588,2014-08-03 07:35:00,40.7497,-73.9816,B02512,86_bus_Q32:0,35_subway_E:1
962,2590,2014-08-03 07:42:00,40.7528,-73.9931,B02512,0_bus_2602:0,197_subway_B:3
963,2591,2014-08-03 07:42:00,40.7625,-73.983,B02512,123_bus_M20:0,187_subway_A:6
964,2592,2014-08-03 07:49:00,40.766,-73.9774,B02512,128_bus_M7:1,58_train_141+143:0
965,2594,2014-08-03 07:50:00,40.7398,-73.9907,B02512,126_bus_M5:1,64_train_88:0
966,2597,2014-08-03 08:03:00,40.7463,-73.9715,B02512,89_bus_M42:0,137_subway_E:4
967,2598,2014-08-03 08:03:00,40.7534,-73.9841,B02512,89_bus_M42:0,62_train_174:0
968,2603,2014-08-03 08:30:00,40.7628,-73.9712,B02512,86_bus_Q32:0,34_subway_E:0
969,2604,2014-08-03 08:31:00,40.7599,-73.9722,B02512,86_bus_Q32:0,109_train_Montclair-Boonton:0
970,2606,2014-08-03 08:42:00,40.7555,-73.9812,B02512,89_bus_M42:0,18_subway_S:0
971,2607,2014-08-03 08:43:00,40.7641,-73.9982,B02512,142_bus_M12:1,40_subway_N:2
972,2611,2014-08-03 08:56:00,40.7591,-73.9943,B02512,116_bus_M42:1,178_subway_N:5
973,2613,2014-08-03 08:59:00,40.7407,-73.989,B02512,126_bus_M5:1,71_train_170:0
974,2615,2014-08-03 09:08:00,40.7651,-73.9725,B02512,86_bus_Q32:0,34_subway_E:0
975,2616,2014-08-03 09:11:00,40.7558,-73.9823,B02512,89_bus_M42:0,172_subway_M:1
976,2618,2014-08-03 09:13:00,40.7395,-73.9939,B02512,126_bus_M5:1,20_subway_F:0
977,2620,2014-08-03 09:17:00,40.7387,-74.0082,B02512,127_bus_M11:1,133_subway_B:0
978,2623,2014-08-03 09:24:00,40.7493,-73.992,B02512,0_bus_2602:0,170_subway_A:2
979,2624,2014-08-03 09:27:00,40.7362,-73.998,B02512,127_bus_M11:1,171_subway_W:1
980,2625,2014-08-03 09:28:00,40.7567,-73.9743,B02512,96_bus_M50:0,147_subway_2:1
981,2626,2014-08-03 09:30:00,40.7552,-73.9693,B02512,96_bus_M50:0,136_subway_C:0
982,2629,2014-08-03 09:35:00,40.7443,-73.9981,B02512,0_bus_2602:0,164_subway_6:0
983,2630,2014-08-03 09:37:00,40.7381,-74.0086,B02512,127_bus_M11:1,37_subway_E:3
984,2636,2014-08-03 09:51:00,40.7565,-73.9815,B02512,89_bus_M42:0,38_subway_N:0
985,2638,2014-08-03 09:57:00,40.7545,-73.9929,B02512,89_bus_M42:0,154_subway_1:1
986,2640,2014-08-03 10:01:00,40.7616,-73.9701,B02512,86_bus_Q32:0,40_subway_N:2
987,2641,2014-08-03 10:02:00,40.7508,-73.9741,B02512,116_bus_M42:1,25_subway_5:3
988,2649,2014-08-03 10:16:00,40.7521,-74.0026,B02512,90_bus_M23_SBS:0,190_subway_F:3
989,2650,2014-08-03 10:16:00,40.7486,-73.9923,B02512,0_bus_2602:0,37_subway_E:3
990,2651,2014-08-03 10:18:00,40.737,-73.9905,B02512,152_bus_M15-SBS:1,139_subway_2:0
991,2655,2014-08-03 10:20:00,40.7594,-73.9907,B02512,89_bus_M42:0,39_subway_N:1
992,2657,2014-08-03 10:22:00,40.7499,-73.9725,B02512,89_bus_M42:0,199_subway_4:5
993,2663,2014-08-03 10:30:00,40.7468,-73.9905,B02512,126_bus_M5:1,165_subway_6:1
994,2667,2014-08-03 10:33:00,40.7425,-74.0043,B02512,117_bus_M14A_SBS:1,182_subway_7:2
995,2668,2014-08-03 10:33:00,40.7567,-73.9847,B02512,89_bus_M42:0,180_subway_6:2
996,2670,2014-08-03 10:36:00,40.7384,-73.9856,B02512,152_bus_M15-SBS:1,171_subway_W:1
997,2671,2014-08-03 10:37:00,40.7398,-73.9891,B02512,126_bus_M5:1,199_subway_4:5
998,2675,2014-08-03 10:41:00,40.757,-73.9744,B02512,96_bus_M50:0,179_subway_L:1
999,2676,2014-08-03 10:41:00,40.7385,-73.9948,B02512,126_bus_M5:1,56_train_140:0
